"HITId","HITTypeId","Title","Description","Keywords","Reward","CreationTime","MaxAssignments","RequesterAnnotation","AssignmentDurationInSeconds","AutoApprovalDelayInSeconds","Expiration","NumberOfSimilarHITs","LifetimeInSeconds","AssignmentId","WorkerId","AssignmentStatus","AcceptTime","SubmitTime","AutoApprovalTime","ApprovalTime","RejectionTime","RequesterFeedback","WorkTimeInSeconds","LifetimeApprovalRate","Last30DaysApprovalRate","Last7DaysApprovalRate","Answer.browser","Answer.maybe_fail_flag","Answer.opt1.420","Answer.opt1.42069","Answer.opt1.69","Answer.opt2.420","Answer.opt2.42069","Answer.opt2.69","Answer.opt3.420","Answer.opt3.42069","Answer.opt3.69","Answer.opt4.420","Answer.opt4.42069","Answer.opt4.69","Answer.quiz_attempts","Answer.quiz_complete_time","Answer.set_number","Answer.slider_values","Answer.slider_values2","Answer.srcc_fail","Answer.srcc_score","Approve","Reject"
"3CIS7GGG79KCRELC3NMOYM3BH44EUF","3F3JD5CN1QYSKT8HP9LQEY5A3YBH0Y","Study on Picture Changes and Picture Quality","Use sliders to find when a picture changes and when the quality changes","image quality, image changes, slider","$0.50","Thu Apr 30 22:16:09 PDT 2020","100","BatchId:4017862;OriginalHitTemplateId:928390855;","7200","259200","Wed May 06 13:15:47 PDT 2020","","","3E337GFOLD902MVO2J5R8ERFZAYGN8","AODANWH0HK3JK","Approved","Thu Apr 30 22:18:27 PDT 2020","Thu Apr 30 22:32:17 PDT 2020","Sun May 03 22:32:17 PDT 2020","Sun May 03 22:32:23 PDT 2020","","","830","100% (1/1)","100% (1/1)","0% (0/0)","Chrome","true","true","false","false","true","false","false","false","true","false","false","false","true","2","Thu 30 Apr 22:24:13 PST 2020","4919","34,33,38,40,42,42,40,42,41,37,39,41,36,38,38,39,36,41,39,38,39,42,36,40,39,37,35,39,38,39,41,39,40,32,41,38,41,37,41,39,36,37,39,40,39,40,40,40,36,37,42,41,43,42,43,","27,23,30,33,31,34,31,37,31,30,32,31,27,30,33,31,29,34,34,31,34,35,31,29,27,26,27,32,31,31,32,33,25,20,33,30,34,32,35,27,25,29,31,31,29,31,33,33,29,31,31,32,37,35,37,","pass","0.20519567041703082"
"3CIS7GGG79KCRELC3NMOYM3BH44EUF","3F3JD5CN1QYSKT8HP9LQEY5A3YBH0Y","Study on Picture Changes and Picture Quality","Use sliders to find when a picture changes and when the quality changes","image quality, image changes, slider","$0.50","Thu Apr 30 22:16:09 PDT 2020","100","BatchId:4017862;OriginalHitTemplateId:928390855;","7200","259200","Wed May 06 13:15:47 PDT 2020","","","3BC8WZX3V7XC6AWUB1GKG2AW2GYRR3","A2YTJQ7RCNDXBF","Approved","Thu Apr 30 22:20:27 PDT 2020","Thu Apr 30 22:32:35 PDT 2020","Sun May 03 22:32:35 PDT 2020","Sun May 03 22:33:23 PDT 2020","","","728","100% (5/5)","100% (2/2)","0% (0/0)","Chrome","false","true","false","false","true","false","false","false","true","false","false","false","true","1","Thu 30 Apr 22:22:18 PST 2020","4917","38,38,37,39,36,37,34,38,41,37,40,33,36,39,40,35,38,37,38,40,44,39,38,41,33,38,37,38,35,38,37,41,33,33,34,34,35,34,36,37,36,43,35,31,37,35,39,40,39,42,40,38,32,38,40,","27,24,23,26,23,21,15,27,20,22,26,17,23,24,27,21,25,22,24,26,28,23,24,30,17,22,23,26,18,23,25,30,20,16,21,16,25,22,20,22,25,25,25,18,23,22,22,26,21,30,28,23,23,26,26,","pass","-0.3"
"3CIS7GGG79KCRELC3NMOYM3BH44EUF","3F3JD5CN1QYSKT8HP9LQEY5A3YBH0Y","Study on Picture Changes and Picture Quality","Use sliders to find when a picture changes and when the quality changes","image quality, image changes, slider","$0.50","Thu Apr 30 22:16:09 PDT 2020","100","BatchId:4017862;OriginalHitTemplateId:928390855;","7200","259200","Wed May 06 13:15:47 PDT 2020","","","3HHRAGRYXC635X8SPSZUVM5XL7A9OR","A119NKB45VOGE5","Approved","Thu Apr 30 22:56:44 PDT 2020","Thu Apr 30 23:06:45 PDT 2020","Sun May 03 23:06:45 PDT 2020","Sun May 03 23:07:23 PDT 2020","","","601","100% (18/18)","100% (17/17)","100% (3/3)","Chrome","true","true","false","false","true","false","false","false","true","false","false","false","true","1","Thu 30 Apr 22:58:36 PST 2020","4951","44,44,43,44,47,44,44,44,44,44,29,40,41,43,43,45,44,45,42,42,29,42,44,42,43,43,43,42,44,44,45,43,45,41,45,45,44,45,44,44,43,46,43,43,45,40,46,46,44,44,42,44,45,44,43,","37,38,38,36,42,40,38,38,38,39,17,37,36,36,37,41,44,38,37,37,24,38,39,35,36,38,37,36,37,37,39,37,38,35,40,39,39,38,39,39,38,38,38,36,39,33,39,42,38,37,34,40,37,36,36,","pass","0.6668859288553503"
"3CIS7GGG79KCRELC3NMOYM3BH44EUF","3F3JD5CN1QYSKT8HP9LQEY5A3YBH0Y","Study on Picture Changes and Picture Quality","Use sliders to find when a picture changes and when the quality changes","image quality, image changes, slider","$0.50","Thu Apr 30 22:16:09 PDT 2020","100","BatchId:4017862;OriginalHitTemplateId:928390855;","7200","259200","Wed May 06 13:15:47 PDT 2020","","","3VJ40NV2QMOMPCH6NY4BMM69FEBOT4","A16GH5GPKBX5GA","Approved","Thu Apr 30 22:20:10 PDT 2020","Thu Apr 30 23:18:10 PDT 2020","Sun May 03 23:18:10 PDT 2020","Sun May 03 23:18:23 PDT 2020","","","3480","83% (29/35)","81% (25/31)","0% (0/0)","Chrome","true","true","false","false","true","false","false","false","true","false","false","false","true","1","Thu 30 Apr 23:08:00 PST 2020","4962","39,37,37,39,39,40,39,40,36,42,38,40,39,40,38,38,38,40,40,39,40,38,37,38,39,38,39,40,40,39,37,40,39,39,38,39,42,39,40,42,42,37,37,40,41,38,36,39,47,44,39,39,39,37,39,","37,35,35,37,36,38,37,38,34,40,35,38,37,38,36,36,36,38,38,36,38,36,34,37,37,36,37,38,38,38,35,38,37,36,36,37,40,37,38,40,40,35,35,38,39,35,34,36,46,42,37,37,36,35,37,","pass","0.6708203932499369"
"3CIS7GGG79KCRELC3NMOYM3BH44EUF","3F3JD5CN1QYSKT8HP9LQEY5A3YBH0Y","Study on Picture Changes and Picture Quality","Use sliders to find when a picture changes and when the quality changes","image quality, image changes, slider","$0.50","Thu Apr 30 22:16:09 PDT 2020","100","BatchId:4017862;OriginalHitTemplateId:928390855;","7200","259200","Wed May 06 13:15:47 PDT 2020","","","3L2IS5HSFEJJ74WJMOU8CTS68IENUG","A1TJPHC41OTJ1T","Approved","Thu Apr 30 22:47:09 PDT 2020","Fri May 01 00:05:01 PDT 2020","Mon May 04 00:05:01 PDT 2020","Mon May 04 00:05:23 PDT 2020","","","4672","100% (2/2)","100% (2/2)","100% (1/1)","Chrome","true","true","false","false","true","false","false","false","true","false","false","false","true","1","Thu 30 Apr 23:52:57 PST 2020","5011","35,32,34,31,29,31,30,32,35,28,29,27,30,29,31,31,30,31,30,33,27,30,31,25,27,33,32,31,31,31,29,33,34,28,30,26,34,35,30,35,29,33,31,36,32,31,31,30,32,33,29,32,34,29,30,","22,20,19,21,19,18,18,17,20,18,17,15,14,16,17,18,17,17,18,20,12,17,18,12,16,21,20,19,19,19,17,20,22,18,18,17,21,21,18,21,17,21,20,25,19,19,22,17,20,20,18,18,21,15,19,","pass","-0.35355339059327373"
"3CIS7GGG79KCRELC3NMOYM3BH44EUF","3F3JD5CN1QYSKT8HP9LQEY5A3YBH0Y","Study on Picture Changes and Picture Quality","Use sliders to find when a picture changes and when the quality changes","image quality, image changes, slider","$0.50","Thu Apr 30 22:16:09 PDT 2020","100","BatchId:4017862;OriginalHitTemplateId:928390855;","7200","259200","Wed May 06 13:15:47 PDT 2020","","","384PI804XW207VC8WDXAMGE5FSN0S7","A3SLY0SJLJZ0J1","Approved","Thu Apr 30 23:59:30 PDT 2020","Fri May 01 00:10:05 PDT 2020","Mon May 04 00:10:05 PDT 2020","Mon May 04 00:10:23 PDT 2020","","","635","100% (3/3)","100% (2/2)","100% (1/1)","Chrome","true","true","false","false","true","false","false","false","true","false","false","false","true","1","Fri 01 May 00:00:08 PST 2020","5019","42,44,42,43,43,43,39,45,42,43,40,43,42,44,43,42,42,40,44,45,42,38,42,44,42,40,43,42,35,45,42,39,44,40,39,44,40,42,44,42,41,42,42,41,38,41,43,42,38,44,44,44,41,42,43,","37,40,36,41,39,38,36,36,36,37,35,38,35,38,36,38,38,36,39,38,38,34,37,38,40,35,38,37,31,38,37,37,38,33,33,38,33,36,39,36,35,36,38,37,34,37,38,35,36,38,38,37,37,30,38,","pass","0.28867513459481287"
"3CIS7GGG79KCRELC3NMOYM3BH44EUF","3F3JD5CN1QYSKT8HP9LQEY5A3YBH0Y","Study on Picture Changes and Picture Quality","Use sliders to find when a picture changes and when the quality changes","image quality, image changes, slider","$0.50","Thu Apr 30 22:16:09 PDT 2020","100","BatchId:4017862;OriginalHitTemplateId:928390855;","7200","259200","Wed May 06 13:15:47 PDT 2020","","","3W2LOLRXLFGQJ6JZLH7NFQOI7PIKRJ","AQVOSLLEEZVD4","Approved","Fri May 01 01:38:05 PDT 2020","Fri May 01 01:49:32 PDT 2020","Mon May 04 01:49:32 PDT 2020","Mon May 04 01:50:23 PDT 2020","","","687","88% (28/32)","88% (28/32)","100% (9/9)","Chrome","true","true","false","false","true","false","false","false","true","false","false","false","true","1","Fri 01 May 01:39:10 PST 2020","5074","25,25,23,20,23,23,24,25,20,21,20,22,16,17,25,21,25,22,24,22,22,22,24,27,24,21,20,23,24,21,24,23,29,22,25,21,26,21,25,30,24,25,27,25,23,23,26,20,20,24,22,21,24,28,23,","20,20,19,16,19,19,20,21,17,18,16,17,12,14,22,16,21,17,20,17,18,19,19,21,19,17,16,20,20,17,20,18,24,18,22,17,23,17,20,25,20,19,20,21,17,17,23,17,16,19,18,16,22,21,18,","pass","0.8944271909999159"
"3CIS7GGG79KCRELC3NMOYM3BH44EUF","3F3JD5CN1QYSKT8HP9LQEY5A3YBH0Y","Study on Picture Changes and Picture Quality","Use sliders to find when a picture changes and when the quality changes","image quality, image changes, slider","$0.50","Thu Apr 30 22:16:09 PDT 2020","100","BatchId:4017862;OriginalHitTemplateId:928390855;","7200","259200","Wed May 06 13:15:47 PDT 2020","","","36AHBNMV1VDR21PB7VDUJ9MPQ30YDM","A3LE6B5ITOGOZB","Approved","Fri May 01 01:51:37 PDT 2020","Fri May 01 01:59:29 PDT 2020","Mon May 04 01:59:29 PDT 2020","Mon May 04 02:00:23 PDT 2020","","","472","89% (25/28)","89% (25/28)","100% (9/9)","Chrome","false","true","false","false","true","false","false","false","true","false","false","false","true","1","Fri 01 May 01:52:11 PST 2020","5078","32,31,33,32,32,30,27,37,25,30,29,26,25,29,35,29,29,32,31,33,30,24,33,26,32,33,25,32,39,30,29,29,32,34,26,25,25,30,29,34,38,22,25,22,32,35,28,31,21,32,25,22,27,31,33,","24,25,24,24,23,23,19,26,17,22,25,19,18,20,29,23,22,25,23,25,24,18,24,22,21,27,16,25,30,24,21,21,26,28,19,17,17,22,21,29,32,14,16,14,23,29,20,22,13,25,18,15,18,22,28,","pass","0.8207826816681233"
"3CIS7GGG79KCRELC3NMOYM3BH44EUF","3F3JD5CN1QYSKT8HP9LQEY5A3YBH0Y","Study on Picture Changes and Picture Quality","Use sliders to find when a picture changes and when the quality changes","image quality, image changes, slider","$0.50","Thu Apr 30 22:16:09 PDT 2020","100","BatchId:4017862;OriginalHitTemplateId:928390855;","7200","259200","Wed May 06 13:15:47 PDT 2020","","","39ZSFO5CACXNOE5Y7Q2GJMBPZZPUJ1","A9QRQL9CFJBI7","Approved","Fri May 01 02:56:07 PDT 2020","Fri May 01 03:12:19 PDT 2020","Mon May 04 03:12:19 PDT 2020","Mon May 04 03:12:23 PDT 2020","","","972","92% (34/37)","91% (31/34)","100% (10/10)","Chrome","true","true","false","false","true","false","false","false","true","false","false","false","true","1","Fri 01 May 03:00:42 PST 2020","5104","31,33,33,28,31,32,29,32,33,35,31,31,28,32,29,28,30,27,30,30,28,30,32,29,29,30,32,28,29,27,29,30,26,30,34,29,30,30,30,28,29,29,33,33,32,30,31,29,27,35,28,28,29,31,33,","17,18,15,16,15,18,17,21,20,15,19,18,18,17,16,14,17,15,14,15,19,18,15,16,18,19,21,17,17,16,17,18,16,19,19,16,18,18,15,16,17,13,19,19,17,20,16,16,16,19,18,18,15,18,16,","pass","0.4472135954999579"
"3CIS7GGG79KCRELC3NMOYM3BH44EUF","3F3JD5CN1QYSKT8HP9LQEY5A3YBH0Y","Study on Picture Changes and Picture Quality","Use sliders to find when a picture changes and when the quality changes","image quality, image changes, slider","$0.50","Thu Apr 30 22:16:09 PDT 2020","100","BatchId:4017862;OriginalHitTemplateId:928390855;","7200","259200","Wed May 06 13:15:47 PDT 2020","","","3WS1NTTKE2DR3Q7MQTXBFHVQQ34F0G","A1XFDNEVWHKIGD","Approved","Fri May 01 02:50:53 PDT 2020","Fri May 01 03:13:55 PDT 2020","Mon May 04 03:13:55 PDT 2020","Mon May 04 03:14:23 PDT 2020","","","1382","100% (1/1)","100% (1/1)","100% (1/1)","Chrome","true","true","false","false","true","false","false","false","true","false","false","false","true","1","Fri 01 May 02:52:59 PST 2020","5100","33,33,37,40,38,33,30,24,40,28,30,30,29,35,27,21,22,29,35,31,32,32,36,33,31,32,20,23,28,20,32,30,27,31,26,35,26,27,30,31,26,31,36,32,31,36,30,31,37,34,21,28,30,38,28,","17,13,14,20,15,12,11,10,7,13,12,15,8,11,9,9,7,7,12,13,11,9,11,13,9,13,10,8,10,6,12,13,11,12,14,11,13,8,13,14,7,14,11,12,18,12,9,11,12,15,7,6,12,15,11,","pass","0.9"
"3CIS7GGG79KCRELC3NMOYM3BH44EUF","3F3JD5CN1QYSKT8HP9LQEY5A3YBH0Y","Study on Picture Changes and Picture Quality","Use sliders to find when a picture changes and when the quality changes","image quality, image changes, slider","$0.50","Thu Apr 30 22:16:09 PDT 2020","100","BatchId:4017862;OriginalHitTemplateId:928390855;","7200","259200","Wed May 06 13:15:47 PDT 2020","","","351SEKWQS4IR8K0XOSPJPEZIHTRMDP","A3V58O5M3FDFGU","Approved","Fri May 01 03:31:38 PDT 2020","Fri May 01 03:46:57 PDT 2020","Mon May 04 03:46:57 PDT 2020","Mon May 04 03:47:23 PDT 2020","","","919","100% (1/1)","100% (1/1)","100% (1/1)","Chrome","false","true","false","false","true","false","false","false","true","false","false","false","true","1","Fri 01 May 03:34:53 PST 2020","5127","23,26,17,21,19,16,17,18,21,13,24,22,18,20,21,21,21,19,20,25,21,22,16,21,15,18,17,20,20,26,19,19,19,26,27,25,28,40,25,35,32,25,30,32,28,34,30,30,30,30,24,20,20,26,22,","19,17,14,14,13,13,11,14,18,9,15,17,13,12,16,16,16,15,17,18,14,14,11,16,11,14,12,14,15,17,13,14,16,20,22,20,23,26,19,27,22,20,25,21,21,26,20,26,23,21,17,16,15,20,14,","pass","0.7"
"3CIS7GGG79KCRELC3NMOYM3BH44EUF","3F3JD5CN1QYSKT8HP9LQEY5A3YBH0Y","Study on Picture Changes and Picture Quality","Use sliders to find when a picture changes and when the quality changes","image quality, image changes, slider","$0.50","Thu Apr 30 22:16:09 PDT 2020","100","BatchId:4017862;OriginalHitTemplateId:928390855;","7200","259200","Wed May 06 13:15:47 PDT 2020","","","3HSYG7LRBNZ4W264VXYQEE24CXTKKV","A2JO52BHJMCRD8","Approved","Fri May 01 03:34:12 PDT 2020","Fri May 01 03:47:54 PDT 2020","Mon May 04 03:47:54 PDT 2020","Mon May 04 03:48:23 PDT 2020","","","822","87% (13/15)","93% (13/14)","100% (9/9)","Chrome","true","true","false","false","true","false","false","false","true","false","false","false","true","1","Fri 01 May 03:37:08 PST 2020","5125","36,35,37,25,38,38,28,35,37,31,32,39,39,33,34,36,38,26,34,36,35,37,37,32,33,36,38,38,37,38,34,38,40,38,42,39,39,38,36,32,34,31,37,39,29,26,44,37,36,35,34,32,35,37,37,","11,9,12,9,15,12,8,11,13,11,13,16,18,11,9,13,9,6,12,10,12,8,13,12,9,11,15,12,10,13,9,12,16,10,13,11,18,11,11,10,11,10,14,13,10,8,18,14,14,11,10,10,10,11,7,","pass","0.9746794344808964"
"3CIS7GGG79KCRELC3NMOYM3BH44EUF","3F3JD5CN1QYSKT8HP9LQEY5A3YBH0Y","Study on Picture Changes and Picture Quality","Use sliders to find when a picture changes and when the quality changes","image quality, image changes, slider","$0.50","Thu Apr 30 22:16:09 PDT 2020","100","BatchId:4017862;OriginalHitTemplateId:928390855;","7200","259200","Wed May 06 13:15:47 PDT 2020","","","3PW9OPU9PUL79LGSYHM493KBMRI12Y","A32M29WAR0XRC4","Approved","Fri May 01 06:03:39 PDT 2020","Fri May 01 06:18:37 PDT 2020","Mon May 04 06:18:37 PDT 2020","Mon May 04 06:19:23 PDT 2020","","","898","100% (1/1)","100% (1/1)","100% (1/1)","Chrome","true","true","false","false","true","false","false","false","true","false","false","false","true","1","Fri 01 May 06:07:57 PST 2020","5200","30,30,25,19,26,13,17,23,26,30,35,30,25,25,27,30,25,32,35,26,22,39,25,34,23,21,38,29,22,26,47,27,31,31,31,30,36,30,27,33,28,32,37,38,32,40,37,27,32,37,32,28,25,31,33,","28,29,23,18,24,12,16,21,24,28,34,29,24,24,26,28,24,31,34,25,21,38,24,33,22,20,37,28,21,24,45,24,30,30,30,27,35,29,25,30,26,31,35,31,30,38,35,24,31,35,30,26,24,29,30,","pass","0.35909242322980395"
"3CIS7GGG79KCRELC3NMOYM3BH44EUF","3F3JD5CN1QYSKT8HP9LQEY5A3YBH0Y","Study on Picture Changes and Picture Quality","Use sliders to find when a picture changes and when the quality changes","image quality, image changes, slider","$0.50","Thu Apr 30 22:16:09 PDT 2020","100","BatchId:4017862;OriginalHitTemplateId:928390855;","7200","259200","Wed May 06 13:15:47 PDT 2020","","","30OG32W0SYC2I8ZXWOF38B63MVCNET","A2ZEE0T533JG2X","Approved","Fri May 01 05:56:39 PDT 2020","Fri May 01 06:40:19 PDT 2020","Mon May 04 06:40:19 PDT 2020","Mon May 04 06:40:23 PDT 2020","","","2620","100% (1/1)","100% (1/1)","100% (1/1)","Microsoft Edge","false","true","false","false","true","false","false","false","true","false","false","false","true","1","Fri 01 May 06:00:31 PST 2020","5198","25,23,19,26,30,24,27,16,18,32,38,38,21,17,15,25,32,32,26,25,44,29,44,23,24,23,27,24,25,33,19,35,25,24,20,17,24,22,26,37,34,25,22,25,18,23,32,32,44,35,28,27,13,20,24,","17,18,14,22,29,21,16,12,13,29,29,22,13,13,10,16,23,22,22,15,39,22,31,19,18,20,24,16,20,31,15,30,18,17,13,13,20,15,21,33,25,17,17,23,13,17,29,30,25,21,24,20,10,17,18,","pass","0.4616902584383194"
"3CIS7GGG79KCRELC3NMOYM3BH44EUF","3F3JD5CN1QYSKT8HP9LQEY5A3YBH0Y","Study on Picture Changes and Picture Quality","Use sliders to find when a picture changes and when the quality changes","image quality, image changes, slider","$0.50","Thu Apr 30 22:16:09 PDT 2020","100","BatchId:4017862;OriginalHitTemplateId:928390855;","7200","259200","Wed May 06 13:15:47 PDT 2020","","","32N49TQG3KJC00RUIAZ8M9APNJUVA1","A24SC2L9IXMT05","Approved","Fri May 01 07:42:30 PDT 2020","Fri May 01 07:54:05 PDT 2020","Mon May 04 07:54:05 PDT 2020","Mon May 04 07:54:23 PDT 2020","","","695","100% (32/32)","100% (32/32)","100% (12/12)","Chrome","false","true","false","false","true","false","false","false","true","false","false","false","true","1","Fri 01 May 07:43:11 PST 2020","5251","23,22,19,21,15,17,21,24,27,23,14,14,17,22,25,21,22,22,20,17,19,19,21,17,27,24,21,25,21,18,18,25,24,19,22,19,24,17,24,22,15,19,19,29,26,22,21,19,21,21,25,22,27,24,20,","17,19,16,14,9,11,15,17,21,17,11,9,10,16,19,17,15,14,14,12,12,13,15,13,18,16,14,18,13,15,15,17,13,14,13,12,19,10,18,14,12,15,15,24,16,15,13,12,13,14,17,16,17,17,15,","pass","0.9"
"3CIS7GGG79KCRELC3NMOYM3BH44EUF","3F3JD5CN1QYSKT8HP9LQEY5A3YBH0Y","Study on Picture Changes and Picture Quality","Use sliders to find when a picture changes and when the quality changes","image quality, image changes, slider","$0.50","Thu Apr 30 22:16:09 PDT 2020","100","BatchId:4017862;OriginalHitTemplateId:928390855;","7200","259200","Wed May 06 13:15:47 PDT 2020","","","39ZSFO5CACXNOE5Y7Q2GJMBPZ0UJUX","A1OP7COK03ZQBZ","Approved","Fri May 01 09:31:57 PDT 2020","Fri May 01 09:38:30 PDT 2020","Mon May 04 09:38:30 PDT 2020","Mon May 04 09:39:23 PDT 2020","","","393","65% (15/23)","65% (15/23)","83% (5/6)","Firefox","true","true","false","false","true","false","false","false","true","false","false","false","true","1","Fri 01 May 09:32:36 PST 2020","5303","18,14,10,11,14,14,11,10,15,11,14,13,16,13,10,12,16,11,14,10,10,13,11,12,11,13,18,14,13,15,13,18,12,16,18,18,14,13,13,15,15,16,18,19,18,17,17,16,15,15,17,13,15,19,15,","15,11,8,8,11,11,8,7,11,9,10,11,13,11,8,11,14,8,12,8,6,11,9,10,9,11,14,13,11,13,11,15,9,13,14,14,11,10,12,13,14,14,16,17,17,14,14,13,12,12,13,10,11,14,12,","pass","0.9"
"3CIS7GGG79KCRELC3NMOYM3BH44EUF","3F3JD5CN1QYSKT8HP9LQEY5A3YBH0Y","Study on Picture Changes and Picture Quality","Use sliders to find when a picture changes and when the quality changes","image quality, image changes, slider","$0.50","Thu Apr 30 22:16:09 PDT 2020","100","BatchId:4017862;OriginalHitTemplateId:928390855;","7200","259200","Wed May 06 13:15:47 PDT 2020","","","3YW4XOSQKUMGTXPUH1WAFMF35JTU13","A2XML94E68133R","Approved","Fri May 01 09:26:12 PDT 2020","Fri May 01 09:43:17 PDT 2020","Mon May 04 09:43:17 PDT 2020","Mon May 04 09:43:23 PDT 2020","","","1025","60% (9/15)","60% (9/15)","80% (4/5)","Chrome","true","true","false","false","true","false","false","false","true","false","false","false","true","1","Fri 01 May 09:27:02 PST 2020","5297","13,18,23,19,20,19,21,22,18,13,18,14,16,14,19,16,14,26,20,13,16,14,19,16,17,18,19,21,14,20,16,12,18,16,17,24,16,16,14,15,18,16,14,18,17,24,17,14,15,23,16,15,20,17,16,","8,10,11,10,10,9,12,11,10,7,9,7,8,7,8,8,7,12,11,7,9,7,10,8,8,10,10,11,8,10,8,6,10,8,9,12,9,9,7,8,10,10,8,9,9,12,9,7,8,12,9,8,9,8,7,","pass","0.4616902584383194"
"3CIS7GGG79KCRELC3NMOYM3BH44EUF","3F3JD5CN1QYSKT8HP9LQEY5A3YBH0Y","Study on Picture Changes and Picture Quality","Use sliders to find when a picture changes and when the quality changes","image quality, image changes, slider","$0.50","Thu Apr 30 22:16:09 PDT 2020","100","BatchId:4017862;OriginalHitTemplateId:928390855;","7200","259200","Wed May 06 13:15:47 PDT 2020","","","32SCWG5HIL5Y8EIV6L9X0CJL5DKP63","A1H6KUY5RW63WL","Approved","Fri May 01 09:46:49 PDT 2020","Fri May 01 10:00:27 PDT 2020","Mon May 04 10:00:27 PDT 2020","Mon May 04 10:01:23 PDT 2020","","","818","94% (33/35)","94% (30/32)","100% (9/9)","Chrome","false","true","false","false","true","false","false","false","true","false","false","false","true","1","Fri 01 May 09:47:38 PST 2020","5310","26,29,23,24,24,35,32,25,34,20,29,32,24,25,28,29,25,20,20,25,27,30,26,26,27,26,23,23,23,30,33,27,28,25,28,28,31,34,17,25,24,21,32,28,26,28,27,27,23,23,23,24,34,29,27,","20,20,18,19,19,16,20,14,17,16,22,23,16,15,18,24,18,17,15,18,18,18,18,19,14,18,14,17,15,17,25,19,22,19,17,21,22,23,14,14,17,15,28,20,18,20,16,18,18,19,18,19,23,23,19,","pass","0.051298917604257706"
"3CIS7GGG79KCRELC3NMOYM3BH44EUF","3F3JD5CN1QYSKT8HP9LQEY5A3YBH0Y","Study on Picture Changes and Picture Quality","Use sliders to find when a picture changes and when the quality changes","image quality, image changes, slider","$0.50","Thu Apr 30 22:16:09 PDT 2020","100","BatchId:4017862;OriginalHitTemplateId:928390855;","7200","259200","Wed May 06 13:15:47 PDT 2020","","","3HYA4D452VKYZ0A05G1PY5O5N20F2E","A34D9CTQHA0SVB","Approved","Fri May 01 10:22:33 PDT 2020","Fri May 01 10:47:22 PDT 2020","Mon May 04 10:47:22 PDT 2020","Mon May 04 10:47:23 PDT 2020","","","1489","100% (16/16)","100% (16/16)","100% (5/5)","Chrome","true","true","false","false","true","false","false","false","true","false","false","false","true","1","Fri 01 May 10:23:45 PST 2020","5333","33,35,27,28,29,27,24,25,28,21,26,27,25,26,27,27,25,32,29,24,26,27,30,25,27,26,25,24,25,24,31,31,27,26,26,35,28,25,40,28,26,30,31,29,26,29,27,27,32,30,30,27,28,27,28,","22,28,20,21,23,21,19,20,19,17,20,20,19,20,22,21,19,21,23,19,21,17,25,19,21,21,20,19,20,20,26,25,22,20,21,28,21,20,35,23,21,24,25,23,21,25,20,21,28,23,25,22,22,20,22,","pass","0.9"
"3CIS7GGG79KCRELC3NMOYM3BH44EUF","3F3JD5CN1QYSKT8HP9LQEY5A3YBH0Y","Study on Picture Changes and Picture Quality","Use sliders to find when a picture changes and when the quality changes","image quality, image changes, slider","$0.50","Thu Apr 30 22:16:09 PDT 2020","100","BatchId:4017862;OriginalHitTemplateId:928390855;","7200","259200","Wed May 06 13:15:47 PDT 2020","","","3A7Y0R2P2SPF5IZTCVD33TATTJ2JXI","A2D4C1MSFJ4EOS","Approved","Fri May 01 12:41:36 PDT 2020","Fri May 01 12:51:27 PDT 2020","Mon May 04 12:51:27 PDT 2020","Mon May 04 12:52:23 PDT 2020","","","591","86% (25/29)","86% (25/29)","80% (8/10)","Chrome","true","true","false","false","true","false","false","false","true","false","false","false","true","1","Fri 01 May 12:42:01 PST 2020","5415","35,35,38,35,36,37,38,38,38,39,35,35,35,35,36,35,36,38,36,38,37,38,38,38,37,37,39,40,39,39,39,37,39,37,38,37,40,38,39,35,34,34,37,35,36,36,37,36,36,37,37,37,34,35,39,","24,22,25,24,26,26,27,28,27,28,25,24,25,23,24,24,26,28,27,28,26,28,28,27,26,28,29,30,30,29,29,27,30,27,30,28,31,26,28,23,24,24,25,25,25,25,27,24,27,25,24,27,23,26,27,","pass","0.872081599272381"
"3CIS7GGG79KCRELC3NMOYM3BH44EUF","3F3JD5CN1QYSKT8HP9LQEY5A3YBH0Y","Study on Picture Changes and Picture Quality","Use sliders to find when a picture changes and when the quality changes","image quality, image changes, slider","$0.50","Thu Apr 30 22:16:09 PDT 2020","100","BatchId:4017862;OriginalHitTemplateId:928390855;","7200","259200","Wed May 06 13:15:47 PDT 2020","","","3I0BTBYZA1MX3HOHVJPZ4226WGTY0Z","A33XTYSMK1H8IV","Approved","Fri May 01 12:58:50 PDT 2020","Fri May 01 13:27:11 PDT 2020","Mon May 04 13:27:11 PDT 2020","Mon May 04 13:27:23 PDT 2020","","","1701","71% (20/28)","71% (20/28)","80% (8/10)","Chrome","false","true","false","false","true","false","false","false","true","false","false","false","true","1","Fri 01 May 12:53:26 PST 2020","5427","38,38,37,35,39,37,37,36,36,33,36,37,42,33,36,33,34,40,37,33,39,34,34,33,32,38,37,37,38,33,36,36,36,35,35,36,31,32,38,36,38,32,36,35,41,38,37,36,35,35,36,37,34,35,36,","27,27,26,26,27,29,27,26,25,22,27,26,34,21,25,19,21,28,24,22,27,22,22,22,22,26,26,24,27,23,25,26,26,23,25,23,19,22,26,24,27,22,27,21,31,30,28,26,26,22,24,27,23,25,25,","pass","0.22360679774997896"
"3CIS7GGG79KCRELC3NMOYM3BH44EUF","3F3JD5CN1QYSKT8HP9LQEY5A3YBH0Y","Study on Picture Changes and Picture Quality","Use sliders to find when a picture changes and when the quality changes","image quality, image changes, slider","$0.50","Thu Apr 30 22:16:09 PDT 2020","100","BatchId:4017862;OriginalHitTemplateId:928390855;","7200","259200","Wed May 06 13:15:47 PDT 2020","","","33JKGHPFYGV0UWRADM3MLJBCVZSMNA","A3KED8NFUJ4PVR","Approved","Fri May 01 13:22:16 PDT 2020","Fri May 01 13:38:19 PDT 2020","Mon May 04 13:38:19 PDT 2020","Mon May 04 13:38:23 PDT 2020","","","963","93% (14/15)","93% (14/15)","100% (10/10)","Firefox","true","true","false","false","true","false","false","false","true","false","false","false","true","1","Fri 01 May 13:23:26 PST 2020","5442","39,41,36,41,42,44,42,43,41,41,41,43,42,44,42,45,43,41,44,45,44,43,43,42,44,46,44,43,41,43,42,40,46,41,41,39,38,39,40,41,41,41,43,46,40,40,42,38,47,45,42,42,44,45,44,","32,26,31,35,37,36,35,38,33,33,34,36,37,40,36,38,37,36,39,37,37,35,36,35,36,39,38,35,35,36,37,35,37,32,33,31,28,35,32,33,36,35,37,41,35,34,36,31,42,40,36,34,37,39,38,","pass","0.7"
"3CIS7GGG79KCRELC3NMOYM3BH44EUF","3F3JD5CN1QYSKT8HP9LQEY5A3YBH0Y","Study on Picture Changes and Picture Quality","Use sliders to find when a picture changes and when the quality changes","image quality, image changes, slider","$0.50","Thu Apr 30 22:16:09 PDT 2020","100","BatchId:4017862;OriginalHitTemplateId:928390855;","7200","259200","Wed May 06 13:15:47 PDT 2020","","","3PZDLQMM0XMRWOQQEEBOQZ32QQ72CR","A20LJFKHTEXZEW","Approved","Fri May 01 14:52:17 PDT 2020","Fri May 01 15:11:40 PDT 2020","Mon May 04 15:11:40 PDT 2020","Mon May 04 15:12:23 PDT 2020","","","1163","100% (20/20)","100% (20/20)","100% (7/7)","Chrome","true","true","false","false","true","false","false","false","true","false","false","false","true","1","Fri 01 May 14:53:35 PST 2020","5474","42,44,47,46,47,45,44,45,45,43,42,46,46,44,45,45,40,44,47,36,40,45,46,44,45,43,46,45,46,46,45,43,45,45,43,42,44,46,42,45,46,46,46,47,46,47,46,47,45,37,40,43,45,45,46,","40,39,43,43,42,42,38,42,41,39,40,42,41,40,42,40,36,40,45,34,36,42,41,40,41,39,41,41,41,44,42,39,42,41,40,38,41,43,39,41,42,44,42,45,42,44,42,44,42,31,37,41,41,42,43,","pass","-0.35909242322980395"
"3CIS7GGG79KCRELC3NMOYM3BH44EUF","3F3JD5CN1QYSKT8HP9LQEY5A3YBH0Y","Study on Picture Changes and Picture Quality","Use sliders to find when a picture changes and when the quality changes","image quality, image changes, slider","$0.50","Thu Apr 30 22:16:09 PDT 2020","100","BatchId:4017862;OriginalHitTemplateId:928390855;","7200","259200","Wed May 06 13:15:47 PDT 2020","","","3LKC68YZ3E4EHTL0I39M96D8JBMWO1","A380KR1MVIQ5YH","Approved","Fri May 01 15:17:37 PDT 2020","Fri May 01 15:26:32 PDT 2020","Mon May 04 15:26:32 PDT 2020","Mon May 04 15:27:23 PDT 2020","","","535","88% (21/24)","88% (21/24)","100% (9/9)","Chrome","false","true","false","false","true","false","false","false","true","false","false","false","true","1","Fri 01 May 15:18:14 PST 2020","5483","38,38,39,31,35,33,33,20,28,29,25,30,27,24,31,36,34,36,37,43,38,36,36,27,34,38,39,21,36,39,34,38,39,38,38,39,40,39,38,36,40,37,30,32,37,31,27,29,32,24,34,31,37,41,28,","29,33,30,11,26,22,25,12,22,22,17,19,20,13,23,23,26,27,30,30,29,28,22,18,24,29,29,16,26,30,25,30,30,28,29,32,31,33,29,27,27,21,22,23,28,20,17,21,22,14,26,23,28,29,17,","pass","0.8"
"3CIS7GGG79KCRELC3NMOYM3BH44EUF","3F3JD5CN1QYSKT8HP9LQEY5A3YBH0Y","Study on Picture Changes and Picture Quality","Use sliders to find when a picture changes and when the quality changes","image quality, image changes, slider","$0.50","Thu Apr 30 22:16:09 PDT 2020","100","BatchId:4017862;OriginalHitTemplateId:928390855;","7200","259200","Wed May 06 13:15:47 PDT 2020","","","38F5OAUN5RDPZXYC6I6KXHHQEZUH7T","A30AKHFRYKH2CV","Approved","Fri May 01 19:13:09 PDT 2020","Fri May 01 19:30:12 PDT 2020","Mon May 04 19:30:12 PDT 2020","Mon May 04 19:30:23 PDT 2020","","","1023","83% (25/30)","82% (23/28)","64% (7/11)","Chrome","true","true","false","false","true","false","false","false","true","false","false","false","true","1","Fri 01 May 19:14:17 PST 2020","5530","16,15,16,17,14,17,19,18,16,17,14,15,17,17,18,15,14,18,18,14,16,13,13,15,14,12,20,18,15,15,15,16,16,14,17,18,17,18,17,14,14,14,14,17,17,16,12,15,19,16,19,16,16,16,19,","14,13,14,14,11,14,16,15,13,14,11,12,15,14,15,12,12,15,15,12,13,11,10,12,12,10,17,15,13,12,12,13,14,12,15,15,15,13,14,11,11,11,12,14,14,13,10,12,15,13,16,13,14,14,17,","pass","0.7378647873726218"
"3CIS7GGG79KCRELC3NMOYM3BH44EUF","3F3JD5CN1QYSKT8HP9LQEY5A3YBH0Y","Study on Picture Changes and Picture Quality","Use sliders to find when a picture changes and when the quality changes","image quality, image changes, slider","$0.50","Thu Apr 30 22:16:09 PDT 2020","100","BatchId:4017862;OriginalHitTemplateId:928390855;","7200","259200","Wed May 06 13:15:47 PDT 2020","","","3PWWM24LHWZPKL0DX2VJOD7J00M82T","A3E13CFHGBR2J8","Approved","Fri May 01 19:24:30 PDT 2020","Fri May 01 19:31:23 PDT 2020","Mon May 04 19:31:23 PDT 2020","Mon May 04 19:32:23 PDT 2020","","","413","80% (4/5)","80% (4/5)","100% (3/3)","Chrome","true","true","false","false","true","false","false","false","true","false","false","false","true","1","Fri 01 May 19:25:20 PST 2020","5539","40,45,41,42,41,42,43,43,43,43,42,41,39,42,43,41,44,44,43,42,43,42,42,42,43,44,43,43,45,41,43,42,43,43,41,43,40,43,42,42,43,43,42,44,42,43,44,41,44,40,44,43,43,44,44,","34,38,36,34,36,37,40,40,38,34,34,33,31,34,38,36,38,37,36,36,34,35,37,35,37,38,37,37,40,35,37,36,36,36,35,36,33,35,37,32,35,37,37,39,36,37,39,37,38,35,38,37,36,37,39,","pass","-0.2"
"3CIS7GGG79KCRELC3NMOYM3BH44EUF","3F3JD5CN1QYSKT8HP9LQEY5A3YBH0Y","Study on Picture Changes and Picture Quality","Use sliders to find when a picture changes and when the quality changes","image quality, image changes, slider","$0.50","Thu Apr 30 22:16:09 PDT 2020","100","BatchId:4017862;OriginalHitTemplateId:928390855;","7200","259200","Wed May 06 13:15:47 PDT 2020","","","3BGYGHDBB1LEY6YOHLMIEMUGE1G228","A1MPGNVKJI4ZT6","Approved","Fri May 01 21:32:57 PDT 2020","Fri May 01 21:44:22 PDT 2020","Mon May 04 21:44:22 PDT 2020","Mon May 04 21:44:23 PDT 2020","","","685","88% (23/26)","88% (23/26)","80% (4/5)","Firefox","true","true","false","false","true","false","false","false","true","false","false","false","true","1","Fri 01 May 21:33:33 PST 2020","5570","19,17,19,17,17,19,19,18,17,22,21,21,18,17,16,18,17,19,17,17,13,20,25,21,20,21,18,19,16,20,18,19,21,19,22,19,20,20,20,22,20,20,20,21,19,19,20,17,23,19,17,19,19,21,21,","15,15,16,13,14,15,15,14,14,18,17,18,14,13,13,15,15,16,14,14,10,17,20,17,16,16,15,16,13,17,12,16,17,15,18,16,16,16,17,17,17,16,17,18,15,15,16,14,19,15,13,16,15,17,17,","pass","0.9746794344808964"
"3CIS7GGG79KCRELC3NMOYM3BH44EUF","3F3JD5CN1QYSKT8HP9LQEY5A3YBH0Y","Study on Picture Changes and Picture Quality","Use sliders to find when a picture changes and when the quality changes","image quality, image changes, slider","$0.50","Thu Apr 30 22:16:09 PDT 2020","100","BatchId:4017862;OriginalHitTemplateId:928390855;","7200","259200","Wed May 06 13:15:47 PDT 2020","","","3XXU1SWE8QWW7ZQEFDBJ1GKZTQCA0P","A3JWCEGDOK8IXH","Approved","Fri May 01 19:51:15 PDT 2020","Fri May 01 21:50:48 PDT 2020","Mon May 04 21:50:48 PDT 2020","Mon May 04 21:51:23 PDT 2020","","","7173","86% (31/36)","84% (26/31)","88% (7/8)","Chrome","true","true","false","false","true","false","false","false","true","false","false","false","true","1","Fri 01 May 21:40:28 PST 2020","5573","13,10,14,14,12,12,10,8,8,8,10,12,9,10,10,10,10,9,9,9,7,10,10,11,10,11,12,11,8,11,9,11,13,12,8,12,9,9,12,11,11,13,8,14,16,12,12,13,11,9,9,12,12,9,14,","10,8,11,8,9,9,7,6,6,6,8,9,6,8,7,7,8,7,7,7,5,7,8,8,8,9,9,8,6,9,7,9,10,9,6,10,7,7,9,9,8,11,7,11,13,9,10,10,9,7,6,8,10,7,12,","pass","0.872081599272381"
"3CIS7GGG79KCRELC3NMOYM3BH44EUF","3F3JD5CN1QYSKT8HP9LQEY5A3YBH0Y","Study on Picture Changes and Picture Quality","Use sliders to find when a picture changes and when the quality changes","image quality, image changes, slider","$0.50","Thu Apr 30 22:16:09 PDT 2020","100","BatchId:4017862;OriginalHitTemplateId:928390855;","7200","259200","Wed May 06 13:15:47 PDT 2020","","","3SB5N7Y3O75XHQ3H1D3TX2V2RMZ0G3","A2W3SU4RZN9AZD","Approved","Fri May 01 21:07:02 PDT 2020","Fri May 01 21:53:01 PDT 2020","Mon May 04 21:53:01 PDT 2020","Mon May 04 21:53:23 PDT 2020","","","2759","80% (12/15)","80% (12/15)","100% (1/1)","Chrome","true","true","false","false","true","false","false","false","true","false","false","false","true","1","Fri 01 May 21:36:59 PST 2020","5571","36,38,36,33,35,40,36,36,33,39,37,48,39,36,37,39,39,38,36,37,37,41,38,37,37,38,34,36,35,36,37,37,35,35,36,37,35,36,42,35,41,38,37,37,38,41,38,38,38,35,39,38,40,37,37,","33,35,33,30,31,37,33,33,29,34,34,46,35,33,34,34,35,35,33,33,33,38,35,34,33,35,31,33,31,32,33,33,33,33,32,34,32,33,39,33,35,35,33,34,35,37,35,33,33,33,36,35,37,34,35,","pass","0.051298917604257706"
"3CIS7GGG79KCRELC3NMOYM3BH44EUF","3F3JD5CN1QYSKT8HP9LQEY5A3YBH0Y","Study on Picture Changes and Picture Quality","Use sliders to find when a picture changes and when the quality changes","image quality, image changes, slider","$0.50","Thu Apr 30 22:16:09 PDT 2020","100","BatchId:4017862;OriginalHitTemplateId:928390855;","7200","259200","Wed May 06 13:15:47 PDT 2020","","","3VSOLARPKFAEJ8F66UF27J7MQL639S","A1V6B98VMTBSFS","Approved","Sat May 02 01:30:40 PDT 2020","Sat May 02 01:42:39 PDT 2020","Tue May 05 01:42:39 PDT 2020","Tue May 05 01:43:23 PDT 2020","","","719","100% (34/34)","100% (34/34)","100% (13/13)","Chrome","false","true","false","false","true","false","false","false","true","false","false","false","true","1","Sat 02 May 01:31:35 PST 2020","5603","31,30,29,34,33,31,25,28,30,26,29,25,27,31,30,29,28,32,36,28,27,25,22,22,24,24,32,32,30,29,27,27,28,23,30,20,25,24,27,28,34,28,30,29,28,32,33,32,29,33,27,28,28,28,31,","23,21,21,24,24,20,17,17,17,16,18,16,16,19,18,22,18,19,19,15,17,16,16,16,15,17,22,21,20,18,20,18,16,17,17,12,12,13,17,20,26,14,15,20,20,17,21,22,19,22,16,21,19,14,20,","pass","0.4"
"3CIS7GGG79KCRELC3NMOYM3BH44EUF","3F3JD5CN1QYSKT8HP9LQEY5A3YBH0Y","Study on Picture Changes and Picture Quality","Use sliders to find when a picture changes and when the quality changes","image quality, image changes, slider","$0.50","Thu Apr 30 22:16:09 PDT 2020","100","BatchId:4017862;OriginalHitTemplateId:928390855;","7200","259200","Wed May 06 13:15:47 PDT 2020","","","33L7PJKHCKZJ4KUQGHFFP0G90E48TS","A12X0FLEDDVFPI","Approved","Sat May 02 02:18:14 PDT 2020","Sat May 02 02:34:42 PDT 2020","Tue May 05 02:34:42 PDT 2020","Tue May 05 02:35:23 PDT 2020","","","988","95% (19/20)","95% (19/20)","90% (9/10)","Chrome","true","true","false","false","true","false","false","false","true","false","false","false","true","1","Sat 02 May 02:28:14 PST 2020","5619","32,33,35,35,34,35,38,40,35,36,37,38,34,39,38,33,35,36,38,39,39,36,37,35,35,36,38,39,40,39,33,38,39,37,37,35,35,39,36,35,36,35,34,33,36,35,35,33,36,36,38,37,40,31,33,","28,29,26,30,28,30,33,34,29,32,32,34,30,33,34,28,28,31,29,34,31,32,32,30,31,32,32,34,33,32,29,31,34,32,32,30,28,32,27,29,32,30,29,29,31,31,29,29,28,30,31,32,33,24,27,","pass","0.8207826816681233"
"3CIS7GGG79KCRELC3NMOYM3BH44EUF","3F3JD5CN1QYSKT8HP9LQEY5A3YBH0Y","Study on Picture Changes and Picture Quality","Use sliders to find when a picture changes and when the quality changes","image quality, image changes, slider","$0.50","Thu Apr 30 22:16:09 PDT 2020","100","BatchId:4017862;OriginalHitTemplateId:928390855;","7200","259200","Wed May 06 13:15:47 PDT 2020","","","3J4Q2Z4UT24H25YGXG1QYB88YECQWF","A1ESKJFDQUMBL4","Approved","Sat May 02 03:19:53 PDT 2020","Sat May 02 03:34:07 PDT 2020","Tue May 05 03:34:07 PDT 2020","Tue May 05 03:34:24 PDT 2020","","","854","97% (37/38)","97% (33/34)","100% (11/11)","Chrome","false","true","false","false","true","false","false","false","true","false","false","false","true","1","Sat 02 May 03:21:11 PST 2020","5630","32,32,30,35,36,31,32,35,34,31,35,36,36,31,27,27,31,31,33,31,38,39,33,31,34,32,33,33,31,31,39,43,38,31,35,38,35,37,36,31,31,36,33,37,32,30,34,35,34,39,30,35,34,35,35,","29,28,24,29,28,28,27,26,30,26,29,24,30,24,22,22,24,25,26,24,31,31,26,24,28,24,27,24,22,24,31,36,31,25,27,33,29,28,29,26,25,32,28,29,25,24,24,28,26,31,22,28,26,27,28,","pass","0.6"
"3CIS7GGG79KCRELC3NMOYM3BH44EUF","3F3JD5CN1QYSKT8HP9LQEY5A3YBH0Y","Study on Picture Changes and Picture Quality","Use sliders to find when a picture changes and when the quality changes","image quality, image changes, slider","$0.50","Thu Apr 30 22:16:09 PDT 2020","100","BatchId:4017862;OriginalHitTemplateId:928390855;","7200","259200","Wed May 06 13:15:47 PDT 2020","","","3GM6G9ZBKRYYP9WUAIPYUIH4KJTMTU","A2L1AU0WWRB177","Approved","Sat May 02 02:20:42 PDT 2020","Sat May 02 03:36:09 PDT 2020","Tue May 05 03:36:09 PDT 2020","Tue May 05 03:36:24 PDT 2020","","","4527","100% (2/2)","100% (2/2)","100% (1/1)","Firefox","false","true","false","false","true","false","false","false","true","false","false","false","true","1","Sat 02 May 02:22:17 PST 2020","5616","40,41,31,36,42,36,36,40,37,33,36,36,38,33,39,41,33,38,38,35,36,33,37,41,37,39,35,31,34,40,34,35,39,40,37,36,36,37,35,35,31,33,35,35,31,35,30,33,30,32,40,30,37,35,41,","27,29,22,20,29,23,31,28,26,23,23,30,28,16,22,28,20,25,24,27,30,17,21,26,26,30,21,23,23,32,28,23,28,27,22,20,22,26,19,25,20,21,21,24,13,22,22,20,18,15,27,21,20,19,34,","pass","0.7"
"3CIS7GGG79KCRELC3NMOYM3BH44EUF","3F3JD5CN1QYSKT8HP9LQEY5A3YBH0Y","Study on Picture Changes and Picture Quality","Use sliders to find when a picture changes and when the quality changes","image quality, image changes, slider","$0.50","Thu Apr 30 22:16:09 PDT 2020","100","BatchId:4017862;OriginalHitTemplateId:928390855;","7200","259200","Wed May 06 13:15:47 PDT 2020","","","3KYQYYSHYZ8F8NL9184WHIONCXQODY","A14693A0XH1H9X","Approved","Sat May 02 03:46:53 PDT 2020","Sat May 02 03:56:20 PDT 2020","Tue May 05 03:56:20 PDT 2020","Tue May 05 03:56:25 PDT 2020","","","567","90% (9/10)","90% (9/10)","88% (7/8)","Chrome","true","true","false","false","true","false","false","false","true","false","false","false","true","1","Sat 02 May 03:47:29 PST 2020","5637","37,26,35,30,30,26,26,33,14,23,23,28,29,36,27,23,37,27,22,34,31,27,19,37,27,29,30,18,24,32,20,34,34,27,26,32,29,27,27,22,26,21,30,30,32,26,26,34,25,29,38,28,25,31,32,","24,13,18,21,19,20,15,19,8,14,12,17,18,22,16,14,28,14,14,23,18,18,13,25,19,17,19,9,14,20,12,22,22,18,19,23,20,19,18,13,18,11,20,16,21,18,16,20,17,21,14,20,14,18,14,","pass","0.9"
"3CIS7GGG79KCRELC3NMOYM3BH44EUF","3F3JD5CN1QYSKT8HP9LQEY5A3YBH0Y","Study on Picture Changes and Picture Quality","Use sliders to find when a picture changes and when the quality changes","image quality, image changes, slider","$0.50","Thu Apr 30 22:16:09 PDT 2020","100","BatchId:4017862;OriginalHitTemplateId:928390855;","7200","259200","Wed May 06 13:15:47 PDT 2020","","","3NL0RFNU0JOJI0H1A5BA7XD8FG64K2","A1HMRZYX0MXA9Y","Approved","Sat May 02 06:57:53 PDT 2020","Sat May 02 07:10:03 PDT 2020","Tue May 05 07:10:03 PDT 2020","Tue May 05 07:10:23 PDT 2020","","","730","93% (27/29)","93% (27/29)","90% (9/10)","Chrome","true","true","false","false","true","false","false","false","true","false","false","false","true","1","Sat 02 May 06:59:58 PST 2020","5697","29,31,29,31,31,32,30,35,36,31,32,34,33,32,31,29,35,29,31,28,28,28,27,35,33,28,33,33,29,35,38,28,31,29,32,31,37,30,34,29,29,32,32,33,33,32,29,34,35,32,30,34,29,31,32,","17,19,18,20,21,19,20,22,23,20,23,20,24,19,20,19,24,21,21,21,19,17,21,20,22,20,24,24,22,24,24,21,19,21,21,19,28,18,22,21,22,23,24,24,23,24,21,19,25,20,21,24,19,24,23,","pass","0.7"
"3CIS7GGG79KCRELC3NMOYM3BH44EUF","3F3JD5CN1QYSKT8HP9LQEY5A3YBH0Y","Study on Picture Changes and Picture Quality","Use sliders to find when a picture changes and when the quality changes","image quality, image changes, slider","$0.50","Thu Apr 30 22:16:09 PDT 2020","100","BatchId:4017862;OriginalHitTemplateId:928390855;","7200","259200","Wed May 06 13:15:47 PDT 2020","","","3Z7VU45IP2IXFWJ4NOVIWEUI759Z16","A1J4HV45XMNUNG","Approved","Sat May 02 07:07:36 PDT 2020","Sat May 02 07:16:02 PDT 2020","Tue May 05 07:16:02 PDT 2020","Tue May 05 07:16:23 PDT 2020","","","506","95% (20/21)","95% (20/21)","100% (13/13)","Firefox","true","true","false","false","true","false","false","false","true","false","false","false","true","1","Sat 02 May 07:08:07 PST 2020","5703","25,25,25,26,21,23,20,21,22,26,22,27,20,24,22,21,24,17,20,20,22,21,22,23,22,30,24,23,25,21,23,24,18,27,26,19,22,23,26,23,23,21,27,23,17,20,23,17,21,24,24,23,24,24,22,","14,19,14,19,13,16,14,14,15,16,16,21,13,15,19,14,15,13,15,15,16,14,18,15,15,19,16,18,15,16,15,15,14,20,17,13,13,17,19,17,17,13,20,17,11,14,17,13,14,18,17,15,17,17,15,","pass","1"
"3CIS7GGG79KCRELC3NMOYM3BH44EUF","3F3JD5CN1QYSKT8HP9LQEY5A3YBH0Y","Study on Picture Changes and Picture Quality","Use sliders to find when a picture changes and when the quality changes","image quality, image changes, slider","$0.50","Thu Apr 30 22:16:09 PDT 2020","100","BatchId:4017862;OriginalHitTemplateId:928390855;","7200","259200","Wed May 06 13:15:47 PDT 2020","","","39N5ACM9HIOLQXKT4SC9KMANVIY9PC","AS41NJAKI52O7","Approved","Sat May 02 07:48:07 PDT 2020","Sat May 02 08:11:53 PDT 2020","Tue May 05 08:11:53 PDT 2020","Tue May 05 08:12:24 PDT 2020","","","1426","100% (1/1)","100% (1/1)","100% (1/1)","Firefox","true","true","false","false","true","false","false","false","true","false","false","false","true","3","Sat 02 May 07:53:40 PST 2020","5719","19,21,30,15,9,13,20,16,22,28,25,27,20,25,29,36,24,30,27,33,33,14,21,21,28,14,24,37,31,22,27,31,30,36,35,30,30,32,32,31,36,29,26,32,31,30,36,35,38,37,32,39,36,14,37,","9,14,22,9,8,10,14,7,16,10,12,16,16,18,11,11,16,16,10,16,12,12,11,7,16,9,12,22,22,14,9,13,15,13,17,16,19,17,15,18,20,15,16,17,24,15,20,21,22,21,16,24,16,11,19,","pass","0.35909242322980395"
"3CIS7GGG79KCRELC3NMOYM3BH44EUF","3F3JD5CN1QYSKT8HP9LQEY5A3YBH0Y","Study on Picture Changes and Picture Quality","Use sliders to find when a picture changes and when the quality changes","image quality, image changes, slider","$0.50","Thu Apr 30 22:16:09 PDT 2020","100","BatchId:4017862;OriginalHitTemplateId:928390855;","7200","259200","Wed May 06 13:15:47 PDT 2020","","","3QAVNHZ3EQ594VF046X2Z0CNWQMAL1","A1I25A84DUJLI","Approved","Sat May 02 08:29:37 PDT 2020","Sat May 02 10:26:29 PDT 2020","Tue May 05 10:26:29 PDT 2020","Tue May 05 10:27:23 PDT 2020","","","7012","77% (20/26)","73% (16/22)","80% (8/10)","Chrome","true","true","false","false","true","false","false","false","true","false","false","false","true","1","Sat 02 May 09:55:30 PST 2020","5770","26,30,29,28,29,28,27,28,27,27,27,26,23,24,23,26,25,27,27,26,25,26,26,26,26,27,27,25,25,27,27,29,26,26,28,21,26,26,25,27,27,26,27,28,28,29,27,28,25,25,26,25,27,26,24,","24,28,27,26,27,26,25,26,25,25,25,24,21,22,21,23,23,25,25,24,23,24,24,24,24,25,25,23,23,25,25,27,24,24,25,19,24,24,23,25,25,24,25,26,25,26,24,26,22,22,24,22,25,24,22,","pass","-0.33541019662496846"
"3CIS7GGG79KCRELC3NMOYM3BH44EUF","3F3JD5CN1QYSKT8HP9LQEY5A3YBH0Y","Study on Picture Changes and Picture Quality","Use sliders to find when a picture changes and when the quality changes","image quality, image changes, slider","$0.50","Thu Apr 30 22:16:09 PDT 2020","100","BatchId:4017862;OriginalHitTemplateId:928390855;","7200","259200","Wed May 06 13:15:47 PDT 2020","","","3QHK8ZVMIQJEN5KSAKXYUBWTE9ZLB1","AJDTXT31K4MYI","Approved","Sat May 02 10:39:31 PDT 2020","Sat May 02 10:59:20 PDT 2020","Tue May 05 10:59:20 PDT 2020","Tue May 05 10:59:24 PDT 2020","","","1189","100% (1/1)","100% (1/1)","100% (1/1)","Chrome","false","true","false","false","true","false","false","false","true","false","false","false","true","1","Sat 02 May 10:43:22 PST 2020","5781","30,12,31,21,20,27,31,32,31,38,30,28,30,28,26,31,23,29,24,25,29,18,25,23,24,28,36,29,30,33,41,31,35,33,33,37,41,39,41,29,36,36,33,38,31,27,27,29,26,34,32,34,28,35,35,","22,9,17,15,16,17,17,19,19,27,20,18,22,14,16,22,14,16,17,18,19,13,18,15,15,23,28,20,22,27,36,24,30,25,27,27,25,24,25,20,28,17,23,26,25,19,21,21,21,22,20,27,20,25,25,","pass","0.7181848464596079"
"3CIS7GGG79KCRELC3NMOYM3BH44EUF","3F3JD5CN1QYSKT8HP9LQEY5A3YBH0Y","Study on Picture Changes and Picture Quality","Use sliders to find when a picture changes and when the quality changes","image quality, image changes, slider","$0.50","Thu Apr 30 22:16:09 PDT 2020","100","BatchId:4017862;OriginalHitTemplateId:928390855;","7200","259200","Wed May 06 13:15:47 PDT 2020","","","3IO1LGZLKDYD2MJEK47MEQOVG8O68E","AFX9OZR3P3C45","Approved","Sat May 02 10:28:56 PDT 2020","Sat May 02 11:04:13 PDT 2020","Tue May 05 11:04:13 PDT 2020","Tue May 05 11:04:24 PDT 2020","","","2117","88% (14/16)","88% (14/16)","82% (9/11)","Chrome","true","true","false","false","true","false","false","false","true","false","false","false","true","1","Sat 02 May 10:30:41 PST 2020","5773","28,26,27,25,25,25,25,25,22,23,28,24,25,25,24,27,24,26,25,26,23,22,22,23,21,28,30,27,25,27,25,23,25,24,26,21,25,20,23,25,25,23,26,28,21,26,26,24,22,27,22,20,21,22,21,","19,21,17,19,19,19,20,20,16,19,19,18,17,19,18,22,19,19,20,14,17,17,18,17,16,20,22,22,21,18,20,17,19,17,18,16,18,16,18,19,17,18,21,21,16,20,18,17,17,20,15,15,16,17,15,","pass","0.5"
"3CIS7GGG79KCRELC3NMOYM3BH44EUF","3F3JD5CN1QYSKT8HP9LQEY5A3YBH0Y","Study on Picture Changes and Picture Quality","Use sliders to find when a picture changes and when the quality changes","image quality, image changes, slider","$0.50","Thu Apr 30 22:16:09 PDT 2020","100","BatchId:4017862;OriginalHitTemplateId:928390855;","7200","259200","Wed May 06 13:15:47 PDT 2020","","","3IAEQB9FMILNDWUBSUV6YC19F1LWDI","A19Z5NVPC0M3S5","Approved","Sat May 02 11:30:04 PDT 2020","Sat May 02 12:10:21 PDT 2020","Tue May 05 12:10:21 PDT 2020","Tue May 05 12:10:24 PDT 2020","","","2417","95% (21/22)","95% (18/19)","100% (2/2)","Chrome","false","true","false","false","true","false","false","false","true","false","false","false","true","1","Sat 02 May 11:39:08 PST 2020","5801","20,22,24,19,17,19,23,20,21,21,23,22,23,21,21,16,19,20,20,27,19,22,22,22,19,21,16,21,17,17,20,24,24,23,19,19,20,22,25,21,21,20,21,25,21,23,24,20,15,23,17,20,21,20,21,","14,14,18,14,12,15,16,13,14,17,17,18,17,15,15,12,13,14,17,22,13,18,15,18,14,16,14,16,10,12,15,18,18,18,13,16,16,16,19,16,16,15,14,21,15,17,21,16,11,18,12,15,14,14,14,","pass","0.7"
"3CIS7GGG79KCRELC3NMOYM3BH44EUF","3F3JD5CN1QYSKT8HP9LQEY5A3YBH0Y","Study on Picture Changes and Picture Quality","Use sliders to find when a picture changes and when the quality changes","image quality, image changes, slider","$0.50","Thu Apr 30 22:16:09 PDT 2020","100","BatchId:4017862;OriginalHitTemplateId:928390855;","7200","259200","Wed May 06 13:15:47 PDT 2020","","","3KWTYT08744CYP3J9A6LRPW14DR5LY","A13W3RWJXX12EM","Approved","Sat May 02 12:29:24 PDT 2020","Sat May 02 12:45:39 PDT 2020","Tue May 05 12:45:39 PDT 2020","Tue May 05 12:46:23 PDT 2020","","","975","100% (4/4)","100% (4/4)","100% (1/1)","Chrome","true","true","false","false","true","false","false","false","true","false","false","false","true","1","Sat 02 May 12:30:26 PST 2020","5815","21,24,19,26,27,32,19,25,22,18,20,21,17,17,18,16,21,15,18,21,31,19,26,14,32,20,15,20,12,14,17,19,24,23,23,28,24,17,23,20,24,25,17,13,17,13,25,14,33,28,17,13,30,20,20,","16,18,16,19,20,29,15,18,17,11,10,16,15,7,11,12,15,10,14,14,26,15,13,12,30,14,11,15,9,12,10,15,12,14,20,20,14,13,18,15,19,22,12,11,13,9,14,11,25,12,14,11,25,15,16,","pass","0.6668859288553503"
"3CIS7GGG79KCRELC3NMOYM3BH44EUF","3F3JD5CN1QYSKT8HP9LQEY5A3YBH0Y","Study on Picture Changes and Picture Quality","Use sliders to find when a picture changes and when the quality changes","image quality, image changes, slider","$0.50","Thu Apr 30 22:16:09 PDT 2020","100","BatchId:4017862;OriginalHitTemplateId:928390855;","7200","259200","Wed May 06 13:15:47 PDT 2020","","","3I7DHKZYGR1QYXTNNZ3NWCRH7H3F51","A2S2UWI1G2H8IQ","Approved","Sat May 02 12:14:04 PDT 2020","Sat May 02 12:57:30 PDT 2020","Tue May 05 12:57:30 PDT 2020","Tue May 05 12:58:23 PDT 2020","","","2606","95% (19/20)","95% (19/20)","100% (7/7)","Chrome","true","true","false","false","true","false","false","false","true","false","false","false","true","1","Sat 02 May 12:42:52 PST 2020","5817","35,40,38,38,36,37,37,38,41,38,39,41,36,39,39,43,41,40,38,37,39,39,39,37,39,41,40,43,41,39,38,39,37,39,39,40,36,40,32,39,40,42,46,36,39,38,42,40,39,40,41,39,42,42,42,","21,26,24,25,23,27,27,28,26,22,26,26,26,25,24,29,26,30,24,28,28,25,28,26,28,30,28,30,30,28,26,27,28,28,27,26,25,26,21,27,28,33,32,26,25,27,27,27,27,28,27,26,28,30,29,","pass","0.8944271909999159"
"3CIS7GGG79KCRELC3NMOYM3BH44EUF","3F3JD5CN1QYSKT8HP9LQEY5A3YBH0Y","Study on Picture Changes and Picture Quality","Use sliders to find when a picture changes and when the quality changes","image quality, image changes, slider","$0.50","Thu Apr 30 22:16:09 PDT 2020","100","BatchId:4017862;OriginalHitTemplateId:928390855;","7200","259200","Wed May 06 13:15:47 PDT 2020","","","3TE22NPXPFDY4YSYPDOU0GOCIW4444","A3H8BC9KNQZFCG","Approved","Sat May 02 12:59:11 PDT 2020","Sat May 02 13:16:40 PDT 2020","Tue May 05 13:16:40 PDT 2020","Tue May 05 13:17:23 PDT 2020","","","1049","100% (1/1)","100% (1/1)","100% (1/1)","Chrome","false","true","false","false","true","false","false","false","true","false","false","false","true","1","Sat 02 May 13:00:53 PST 2020","5825","23,33,29,22,25,31,38,30,24,24,17,25,20,24,16,24,25,31,21,18,25,24,22,19,22,23,25,20,29,18,25,25,22,40,25,18,28,41,28,18,32,24,19,25,21,26,25,30,31,29,21,18,20,19,22,","22,27,19,12,24,23,32,26,16,20,12,16,12,18,14,20,20,22,18,13,20,17,15,18,20,20,19,16,21,17,22,20,20,27,21,18,25,31,25,17,24,24,16,15,16,23,23,25,31,29,18,12,16,15,17,","pass","0.15389675281277312"
"3CIS7GGG79KCRELC3NMOYM3BH44EUF","3F3JD5CN1QYSKT8HP9LQEY5A3YBH0Y","Study on Picture Changes and Picture Quality","Use sliders to find when a picture changes and when the quality changes","image quality, image changes, slider","$0.50","Thu Apr 30 22:16:09 PDT 2020","100","BatchId:4017862;OriginalHitTemplateId:928390855;","7200","259200","Wed May 06 13:15:47 PDT 2020","","","3ZGVPD4G6XIYOGVDP7FS2KDDZQGTZT","AXJ7SPFP2WWS5","Approved","Sat May 02 18:04:15 PDT 2020","Sat May 02 18:14:55 PDT 2020","Tue May 05 18:14:55 PDT 2020","Tue May 05 18:15:23 PDT 2020","","","640","91% (32/35)","91% (29/32)","79% (11/14)","Firefox","false","true","false","false","true","false","false","false","true","false","false","false","true","1","Sat 02 May 18:09:36 PST 2020","40","33,15,30,30,31,36,36,34,35,35,38,35,34,36,34,37,41,38,38,38,37,34,40,38,40,32,38,36,31,29,30,37,34,35,17,28,33,31,37,18,33,42,41,40,39,39,41,39,36,36,34,37,38,38,38,","30,12,26,25,23,30,32,30,30,31,33,31,28,29,30,31,36,32,34,32,30,30,34,33,34,26,33,31,27,24,22,25,31,30,12,22,25,26,31,14,26,34,33,35,32,33,33,32,28,28,28,30,32,32,31,","pass","0.872081599272381"
"3CIS7GGG79KCRELC3NMOYM3BH44EUF","3F3JD5CN1QYSKT8HP9LQEY5A3YBH0Y","Study on Picture Changes and Picture Quality","Use sliders to find when a picture changes and when the quality changes","image quality, image changes, slider","$0.50","Thu Apr 30 22:16:09 PDT 2020","100","BatchId:4017862;OriginalHitTemplateId:928390855;","7200","259200","Wed May 06 13:15:47 PDT 2020","","","3KWTYT08744CYP3J9A6LRPW14FFL56","A2IXZEF69ACMVO","Approved","Sat May 02 20:17:32 PDT 2020","Sat May 02 20:32:20 PDT 2020","Tue May 05 20:32:20 PDT 2020","Tue May 05 20:32:23 PDT 2020","","","888","90% (27/30)","90% (26/29)","75% (9/12)","Chrome","false","true","false","false","true","false","false","false","true","false","false","false","true","1","Sat 02 May 20:18:47 PST 2020","59","31,31,35,28,32,30,29,26,24,23,21,26,35,28,28,24,26,28,22,17,28,26,27,24,28,28,28,27,33,28,27,27,33,29,24,34,27,27,31,30,32,31,31,25,26,20,30,35,32,28,28,29,26,28,26,","29,29,33,26,30,28,27,24,22,20,19,24,33,25,26,23,24,26,20,15,26,24,25,22,26,26,26,25,31,25,25,25,31,27,22,32,25,25,29,28,30,29,29,23,24,18,28,33,30,26,26,27,24,26,24,","pass","0.6155870112510925"
"3CIS7GGG79KCRELC3NMOYM3BH44EUF","3F3JD5CN1QYSKT8HP9LQEY5A3YBH0Y","Study on Picture Changes and Picture Quality","Use sliders to find when a picture changes and when the quality changes","image quality, image changes, slider","$0.50","Thu Apr 30 22:16:09 PDT 2020","100","BatchId:4017862;OriginalHitTemplateId:928390855;","7200","259200","Wed May 06 13:15:47 PDT 2020","","","3ZOTGHDK5MCLAC4RYYZLCHAND4TSOX","AZ59Y3M8CLI9B","Approved","Sat May 02 20:31:17 PDT 2020","Sat May 02 20:40:55 PDT 2020","Tue May 05 20:40:55 PDT 2020","Tue May 05 20:41:23 PDT 2020","","","578","93% (25/27)","93% (25/27)","82% (9/11)","Chrome","true","true","false","false","true","false","false","false","true","false","false","false","true","2","Sat 02 May 20:33:13 PST 2020","64","34,36,38,37,38,37,37,37,35,36,37,37,36,41,37,40,37,39,37,36,34,40,37,35,39,34,34,35,34,31,31,36,33,35,35,30,31,32,37,37,39,38,37,36,34,36,35,34,36,37,37,35,38,34,38,","26,26,29,27,28,28,28,29,26,28,27,29,26,34,30,31,28,31,30,29,27,31,28,27,29,25,26,26,25,24,26,25,26,27,23,25,25,26,32,28,32,30,27,26,24,27,24,27,27,28,28,27,29,26,30,","pass","0.051298917604257706"
"3CIS7GGG79KCRELC3NMOYM3BH44EUF","3F3JD5CN1QYSKT8HP9LQEY5A3YBH0Y","Study on Picture Changes and Picture Quality","Use sliders to find when a picture changes and when the quality changes","image quality, image changes, slider","$0.50","Thu Apr 30 22:16:09 PDT 2020","100","BatchId:4017862;OriginalHitTemplateId:928390855;","7200","259200","Wed May 06 13:15:47 PDT 2020","","","34J10VATJJZZ1AEB8ZXBXKZ0J8OIQK","A1TY0AI4TSQKVG","Approved","Sun May 03 00:33:17 PDT 2020","Sun May 03 00:41:50 PDT 2020","Wed May 06 00:41:50 PDT 2020","Wed May 06 00:42:23 PDT 2020","","","513","75% (6/8)","75% (6/8)","100% (6/6)","Firefox","true","true","false","false","true","false","false","false","true","false","false","false","true","1","Sun 03 May 00:34:03 PST 2020","103","36,39,36,37,40,38,38,38,37,34,38,39,37,38,39,38,38,40,38,38,34,37,42,36,39,38,37,39,37,39,37,37,36,36,40,40,39,39,37,41,39,38,39,38,36,37,36,37,37,36,38,38,38,37,39,","26,28,28,27,31,30,31,28,26,21,30,31,27,30,30,29,23,24,26,27,24,25,29,27,32,29,27,30,25,26,28,27,29,26,31,30,28,25,27,27,32,26,31,25,31,25,27,26,28,27,31,30,27,30,29,","pass","0.4472135954999579"
"3CIS7GGG79KCRELC3NMOYM3BH44EUF","3F3JD5CN1QYSKT8HP9LQEY5A3YBH0Y","Study on Picture Changes and Picture Quality","Use sliders to find when a picture changes and when the quality changes","image quality, image changes, slider","$0.50","Thu Apr 30 22:16:09 PDT 2020","100","BatchId:4017862;OriginalHitTemplateId:928390855;","7200","259200","Wed May 06 13:15:47 PDT 2020","","","3WAKVUDHU0HU4J4W6HDJGW6G8CD7UB","A3UC4JITM1QD1M","Approved","Sat May 02 22:50:20 PDT 2020","Sun May 03 00:42:51 PDT 2020","Wed May 06 00:42:51 PDT 2020","Wed May 06 00:43:23 PDT 2020","","","6751","100% (9/9)","100% (9/9)","100% (1/1)","Chrome","true","true","false","false","true","false","false","false","true","false","false","false","true","1","Sat 02 May 22:52:27 PST 2020","85","33,34,34,30,34,29,32,35,34,28,37,35,34,32,34,32,34,35,28,35,36,32,31,37,37,37,36,32,33,35,37,35,35,39,37,35,35,32,36,35,34,36,35,34,37,39,40,40,40,38,35,35,38,38,38,","22,26,24,22,25,22,26,26,25,20,25,27,25,26,24,24,27,27,21,27,27,24,24,27,27,28,27,23,26,27,28,24,24,30,27,27,24,23,27,26,26,28,28,27,30,30,33,32,32,29,27,26,31,28,29,","pass","0.4"
"3CIS7GGG79KCRELC3NMOYM3BH44EUF","3F3JD5CN1QYSKT8HP9LQEY5A3YBH0Y","Study on Picture Changes and Picture Quality","Use sliders to find when a picture changes and when the quality changes","image quality, image changes, slider","$0.50","Thu Apr 30 22:16:09 PDT 2020","100","BatchId:4017862;OriginalHitTemplateId:928390855;","7200","259200","Wed May 06 13:15:47 PDT 2020","","","3JCG6DTRV7RCI82UL72K6MQMAIWQQM","A23CFOROXR7G7B","Approved","Sun May 03 08:57:32 PDT 2020","Sun May 03 09:09:41 PDT 2020","Wed May 06 09:09:41 PDT 2020","Wed May 06 09:10:23 PDT 2020","","","729","96% (24/25)","96% (24/25)","92% (11/12)","Firefox","false","true","false","false","true","false","false","false","true","false","false","false","true","1","Sun 03 May 08:58:47 PST 2020","168","33,24,24,21,32,25,29,22,27,27,24,29,15,22,25,28,24,20,27,22,24,24,24,28,25,20,25,28,27,26,26,32,26,29,31,25,27,28,26,23,27,30,27,28,27,29,22,34,33,24,24,28,27,27,27,","20,17,11,14,21,18,16,19,17,16,17,15,11,17,19,17,20,14,12,14,15,16,14,17,19,13,15,19,17,17,18,16,18,17,24,18,17,24,13,15,16,21,17,21,18,20,17,16,16,16,16,20,17,17,16,","pass","0.5797509043642028"
"3CIS7GGG79KCRELC3NMOYM3BH44EUF","3F3JD5CN1QYSKT8HP9LQEY5A3YBH0Y","Study on Picture Changes and Picture Quality","Use sliders to find when a picture changes and when the quality changes","image quality, image changes, slider","$0.50","Thu Apr 30 22:16:09 PDT 2020","100","BatchId:4017862;OriginalHitTemplateId:928390855;","7200","259200","Wed May 06 13:15:47 PDT 2020","","","3NG53N1RLZKLCS1JZ06VKQFCBGS8P6","A1V6C8RCMHKKSV","Approved","Sun May 03 09:34:57 PDT 2020","Sun May 03 10:10:52 PDT 2020","Wed May 06 10:10:52 PDT 2020","Wed May 06 10:11:24 PDT 2020","","","2155","100% (2/2)","100% (2/2)","100% (2/2)","Firefox","true","true","false","false","true","false","false","false","true","false","false","false","true","1","Sun 03 May 09:36:28 PST 2020","180","46,44,42,39,39,43,43,40,43,42,42,42,42,41,40,36,42,43,40,43,37,46,35,39,38,39,45,41,41,38,42,42,43,45,41,37,38,38,46,40,39,42,45,35,44,38,38,41,45,42,40,41,42,44,43,","39,39,37,35,32,32,34,34,30,21,31,34,36,33,32,31,32,35,29,31,31,35,31,26,29,36,33,22,33,27,33,26,35,37,34,23,31,33,40,30,36,31,41,25,35,26,31,36,34,25,32,32,34,42,32,","pass","-0.35909242322980395"
"3CIS7GGG79KCRELC3NMOYM3BH44EUF","3F3JD5CN1QYSKT8HP9LQEY5A3YBH0Y","Study on Picture Changes and Picture Quality","Use sliders to find when a picture changes and when the quality changes","image quality, image changes, slider","$0.50","Thu Apr 30 22:16:09 PDT 2020","100","BatchId:4017862;OriginalHitTemplateId:928390855;","7200","259200","Wed May 06 13:15:47 PDT 2020","","","345LHZDED1TC303945AT3FU03CFU3L","A1FE1B92E3YYQ1","Approved","Sun May 03 15:04:17 PDT 2020","Sun May 03 15:23:17 PDT 2020","Wed May 06 15:23:17 PDT 2020","Wed May 06 15:23:23 PDT 2020","","","1140","100% (1/1)","100% (1/1)","100% (1/1)","Chrome","true","true","false","false","true","false","false","false","true","false","false","false","true","1","Sun 03 May 15:07:15 PST 2020","245","32,48,26,32,31,30,28,21,24,24,20,22,28,29,32,26,32,27,36,24,31,22,45,31,17,17,30,21,33,46,22,19,28,29,27,26,26,34,41,33,33,22,22,20,20,32,15,32,25,26,35,23,24,23,25,","26,40,22,29,21,21,23,19,16,14,17,11,16,20,27,24,19,20,23,15,20,21,29,24,13,14,22,18,21,44,13,14,16,18,23,22,21,31,29,31,31,19,18,14,17,18,12,29,22,22,25,21,17,19,18,","pass","0.6155870112510925"
"3CIS7GGG79KCRELC3NMOYM3BH44EUF","3F3JD5CN1QYSKT8HP9LQEY5A3YBH0Y","Study on Picture Changes and Picture Quality","Use sliders to find when a picture changes and when the quality changes","image quality, image changes, slider","$0.50","Thu Apr 30 22:16:09 PDT 2020","100","BatchId:4017862;OriginalHitTemplateId:928390855;","7200","259200","Wed May 06 13:15:47 PDT 2020","","","36NEMU28XJEQHQ0O5NU9H2O3OLUMWJ","A3KG3QS4W8OA0Y","Approved","Sun May 03 20:01:14 PDT 2020","Sun May 03 20:29:32 PDT 2020","Wed May 06 20:29:32 PDT 2020","Wed May 06 20:30:23 PDT 2020","","","1698","100% (1/1)","100% (1/1)","100% (1/1)","Chrome","true","true","false","false","true","false","false","false","true","false","false","false","true","1","Sun 03 May 20:02:04 PST 2020","280","40,15,37,39,45,41,21,29,46,47,47,35,38,32,21,39,33,40,33,47,35,43,45,39,47,39,46,43,45,41,21,41,34,42,28,22,24,17,28,37,45,33,40,27,41,44,24,39,33,34,34,40,40,36,39,","27,13,27,30,42,31,16,27,45,44,47,31,26,26,13,35,26,32,25,40,33,36,41,33,43,26,44,40,40,37,14,30,22,23,24,18,21,8,18,31,40,17,33,16,27,43,17,27,22,23,34,38,28,32,31,","pass","0.6"
"3CIS7GGG79KCRELC3NMOYM3BH44EUF","3F3JD5CN1QYSKT8HP9LQEY5A3YBH0Y","Study on Picture Changes and Picture Quality","Use sliders to find when a picture changes and when the quality changes","image quality, image changes, slider","$0.50","Thu Apr 30 22:16:09 PDT 2020","100","BatchId:4017862;OriginalHitTemplateId:928390855;","7200","259200","Wed May 06 13:15:47 PDT 2020","","","3GU1KF0O4M24EQZQ2CQ5BS5DJP5PBK","A2MKYNOH3T6RZB","Approved","Sun May 03 21:43:48 PDT 2020","Sun May 03 22:06:50 PDT 2020","Wed May 06 22:06:50 PDT 2020","Wed May 06 22:07:23 PDT 2020","","","1382","100% (1/1)","100% (1/1)","100% (1/1)","Chrome","true","true","false","false","true","false","false","false","true","false","false","false","true","2","Sun 03 May 21:46:29 PST 2020","300","46,29,29,28,20,20,27,29,23,22,23,29,22,30,22,31,13,13,23,23,25,20,23,17,16,13,23,28,25,18,18,20,16,15,20,23,21,21,29,22,28,20,19,20,20,26,19,29,23,21,25,16,19,29,19,","15,16,16,10,7,4,8,14,10,15,15,11,15,11,14,8,8,5,9,10,11,5,14,10,12,9,9,15,9,14,10,7,8,10,8,8,12,7,13,15,12,7,6,7,10,9,11,8,9,10,6,10,8,6,10,","pass","0.872081599272381"
"3CIS7GGG79KCRELC3NMOYM3BH44EUF","3F3JD5CN1QYSKT8HP9LQEY5A3YBH0Y","Study on Picture Changes and Picture Quality","Use sliders to find when a picture changes and when the quality changes","image quality, image changes, slider","$0.50","Thu Apr 30 22:16:09 PDT 2020","100","BatchId:4017862;OriginalHitTemplateId:928390855;","7200","259200","Wed May 06 13:15:47 PDT 2020","","","30JNVC0ORDLZ5F3R2HFQX8YLJZBQH9","AYNDM4LEISPXZ","Approved","Mon May 04 02:00:02 PDT 2020","Mon May 04 02:15:28 PDT 2020","Thu May 07 02:15:28 PDT 2020","Thu May 07 02:16:23 PDT 2020","","","926","91% (10/11)","89% (8/9)","67% (2/3)","Chrome","true","true","false","false","true","false","false","false","true","false","false","false","true","1","Mon 04 May 02:04:41 PST 2020","328","34,36,36,34,41,36,37,33,35,36,38,37,36,36,38,40,42,37,38,35,35,40,40,31,39,37,38,37,38,34,37,37,35,39,36,38,35,37,37,38,36,37,35,34,37,37,38,38,34,38,37,37,35,37,35,","25,25,25,23,30,25,26,26,26,28,26,26,26,27,29,31,29,28,30,25,26,32,27,25,31,29,27,29,30,27,28,28,28,30,26,28,27,31,31,30,29,30,28,27,31,31,29,30,28,31,28,29,29,31,27,","pass","0.5270462766947299"
"3CIS7GGG79KCRELC3NMOYM3BH44EUF","3F3JD5CN1QYSKT8HP9LQEY5A3YBH0Y","Study on Picture Changes and Picture Quality","Use sliders to find when a picture changes and when the quality changes","image quality, image changes, slider","$0.50","Thu Apr 30 22:16:09 PDT 2020","100","BatchId:4017862;OriginalHitTemplateId:928390855;","7200","259200","Wed May 06 13:15:47 PDT 2020","","","3EJPLAJKEQHSMIK1TU7ZRALZFOQ6ZS","AP14XBCLUV85T","Approved","Mon May 04 04:42:11 PDT 2020","Mon May 04 05:01:30 PDT 2020","Thu May 07 05:01:30 PDT 2020","Thu May 07 05:02:23 PDT 2020","","","1159","55% (6/11)","55% (6/11)","55% (6/11)","Chrome","true","true","false","false","true","false","false","false","true","false","false","false","true","1","Mon 04 May 04:44:26 PST 2020","339","20,20,18,18,21,17,14,17,16,18,17,14,19,20,22,17,20,20,14,14,19,19,15,18,19,18,17,20,12,17,21,21,15,17,18,16,14,15,11,14,17,12,15,15,14,15,20,16,19,18,16,16,17,16,16,","14,13,10,15,16,11,10,11,10,10,11,8,13,13,15,11,15,12,9,8,13,12,9,11,11,9,9,10,7,11,12,12,9,8,12,9,8,13,8,9,10,8,9,9,9,11,13,10,10,11,9,9,8,11,10,","pass","0.7181848464596079"
"3CIS7GGG79KCRELC3NMOYM3BH44EUF","3F3JD5CN1QYSKT8HP9LQEY5A3YBH0Y","Study on Picture Changes and Picture Quality","Use sliders to find when a picture changes and when the quality changes","image quality, image changes, slider","$0.50","Thu Apr 30 22:16:09 PDT 2020","100","BatchId:4017862;OriginalHitTemplateId:928390855;","7200","259200","Wed May 06 13:15:47 PDT 2020","","","35GMH2SV3IIK0TZ9X3FGN068CJZOEJ","A2C4FQWV804P3F","Approved","Mon May 04 06:53:50 PDT 2020","Mon May 04 07:17:00 PDT 2020","Thu May 07 07:17:00 PDT 2020","Thu May 07 07:17:23 PDT 2020","","","1390","94% (15/16)","93% (14/15)","100% (3/3)","Chrome","true","true","false","false","true","false","false","false","true","false","false","false","true","1","Mon 04 May 07:09:04 PST 2020","369","35,33,38,36,39,35,35,36,32,37,34,31,34,40,33,35,40,37,39,31,34,35,34,37,34,36,32,36,36,35,34,36,32,32,35,36,36,37,33,37,37,34,35,37,35,40,34,35,36,32,34,27,33,37,31,","19,16,17,20,25,22,19,14,17,13,21,17,18,22,19,24,24,19,21,20,20,24,22,17,19,23,16,13,18,31,26,20,23,23,19,20,20,21,16,18,25,19,22,22,24,26,17,23,24,17,28,15,22,19,18,","pass","0.7181848464596079"
"3CIS7GGG79KCRELC3NMOYM3BH44EUF","3F3JD5CN1QYSKT8HP9LQEY5A3YBH0Y","Study on Picture Changes and Picture Quality","Use sliders to find when a picture changes and when the quality changes","image quality, image changes, slider","$0.50","Thu Apr 30 22:16:09 PDT 2020","100","BatchId:4017862;OriginalHitTemplateId:928390855;","7200","259200","Wed May 06 13:15:47 PDT 2020","","","3WQQ9FUS6EVJ8Y09GVOUP6ANUHKB85","A3T0EHX7Z57BC9","Approved","Mon May 04 06:58:22 PDT 2020","Mon May 04 07:18:09 PDT 2020","Thu May 07 07:18:09 PDT 2020","Thu May 07 07:18:23 PDT 2020","","","1187","93% (13/14)","93% (13/14)","93% (13/14)","Firefox","false","true","false","false","true","false","false","false","true","false","false","false","true","1","Mon 04 May 06:59:26 PST 2020","368","26,29,22,33,29,23,26,25,24,32,25,28,37,28,23,23,33,33,25,29,32,28,21,22,31,25,26,33,25,30,18,22,20,32,17,31,31,29,29,32,24,25,24,19,28,26,26,32,23,28,27,27,23,23,20,","20,22,16,27,21,18,19,17,17,27,18,22,32,21,17,15,27,28,18,21,25,21,13,16,24,21,22,29,17,24,12,17,13,26,13,24,25,25,25,28,20,22,18,14,22,21,18,27,18,20,21,21,16,17,15,","pass","0.5"
"3CIS7GGG79KCRELC3NMOYM3BH44EUF","3F3JD5CN1QYSKT8HP9LQEY5A3YBH0Y","Study on Picture Changes and Picture Quality","Use sliders to find when a picture changes and when the quality changes","image quality, image changes, slider","$0.50","Thu Apr 30 22:16:09 PDT 2020","100","BatchId:4017862;OriginalHitTemplateId:928390855;","7200","259200","Wed May 06 13:15:47 PDT 2020","","","3TAYZSBPLP9735FMB01O547KC5KS2Q","AUAPLGQ19ISI0","Approved","Mon May 04 07:18:11 PDT 2020","Mon May 04 07:37:59 PDT 2020","Thu May 07 07:37:59 PDT 2020","Thu May 07 07:38:23 PDT 2020","","","1188","93% (28/30)","93% (28/30)","100% (9/9)","Chrome","true","true","false","false","true","false","false","false","true","false","false","false","true","1","Mon 04 May 07:19:11 PST 2020","370","31,32,30,32,29,35,29,33,30,36,36,35,36,36,32,34,31,32,29,33,33,29,31,28,28,34,35,34,34,29,31,34,33,30,30,31,35,30,33,32,28,32,28,32,33,29,28,33,33,33,33,40,33,33,31,","22,22,17,21,19,28,19,21,21,24,27,25,24,24,23,23,22,21,18,22,22,18,19,19,20,24,24,23,24,21,22,23,22,20,20,20,23,22,21,22,19,20,19,22,23,21,20,22,22,23,24,32,23,22,21,","pass","0"
"3CIS7GGG79KCRELC3NMOYM3BH44EUF","3F3JD5CN1QYSKT8HP9LQEY5A3YBH0Y","Study on Picture Changes and Picture Quality","Use sliders to find when a picture changes and when the quality changes","image quality, image changes, slider","$0.50","Thu Apr 30 22:16:09 PDT 2020","100","BatchId:4017862;OriginalHitTemplateId:928390855;","7200","259200","Wed May 06 13:15:47 PDT 2020","","","35GCEFQ6I9PTPZXJAS91K79F5Y13ZY","AXHLESLYR86OU","Approved","Mon May 04 08:35:25 PDT 2020","Mon May 04 09:09:07 PDT 2020","Thu May 07 09:09:07 PDT 2020","Thu May 07 09:09:24 PDT 2020","","","2022","100% (8/8)","100% (8/8)","100% (6/6)","Firefox","true","true","false","false","true","false","false","false","true","false","false","false","true","1","Mon 04 May 08:36:20 PST 2020","388","37,39,31,35,37,38,34,29,38,37,40,42,37,37,34,33,39,34,30,39,31,40,39,38,37,36,38,39,38,37,38,36,40,38,37,38,39,39,42,35,41,33,36,37,41,40,34,36,36,35,38,39,42,37,40,","27,28,23,23,29,28,26,20,26,29,32,27,31,30,26,24,27,25,24,29,24,30,32,31,30,28,28,33,30,31,32,29,32,29,31,32,32,26,29,27,33,19,24,27,28,32,24,22,30,28,30,30,34,28,34,","pass","1"
"3CIS7GGG79KCRELC3NMOYM3BH44EUF","3F3JD5CN1QYSKT8HP9LQEY5A3YBH0Y","Study on Picture Changes and Picture Quality","Use sliders to find when a picture changes and when the quality changes","image quality, image changes, slider","$0.50","Thu Apr 30 22:16:09 PDT 2020","100","BatchId:4017862;OriginalHitTemplateId:928390855;","7200","259200","Wed May 06 13:15:47 PDT 2020","","","308XBLVESM5PQ3F5F4UUGN5SK9YRBN","A1K6UP1VH0BTA9","Approved","Mon May 04 08:49:38 PDT 2020","Mon May 04 09:18:38 PDT 2020","Thu May 07 09:18:38 PDT 2020","Thu May 07 09:19:23 PDT 2020","","","1740","100% (14/14)","100% (14/14)","100% (13/13)","Chrome","false","true","false","false","true","false","false","false","true","false","false","false","true","1","Mon 04 May 08:50:49 PST 2020","392","40,37,43,42,43,38,34,42,41,40,41,43,44,40,35,43,40,45,36,39,44,42,42,44,38,41,44,39,43,41,42,39,37,40,41,40,43,39,44,38,37,42,40,41,33,42,38,37,41,40,41,42,42,41,39,","36,35,39,38,40,34,31,37,37,35,37,38,41,34,32,38,37,41,33,37,41,38,38,40,34,38,39,37,40,38,38,36,33,37,37,37,40,35,40,33,34,39,36,37,30,37,34,33,36,37,38,38,39,36,37,","pass","0"
"3CIS7GGG79KCRELC3NMOYM3BH44EUF","3F3JD5CN1QYSKT8HP9LQEY5A3YBH0Y","Study on Picture Changes and Picture Quality","Use sliders to find when a picture changes and when the quality changes","image quality, image changes, slider","$0.50","Thu Apr 30 22:16:09 PDT 2020","100","BatchId:4017862;OriginalHitTemplateId:928390855;","7200","259200","Wed May 06 13:15:47 PDT 2020","","","3JZQSN0I3UBOEUI74VME09I6XZHFG1","A1I6Z5U07WFSX4","Approved","Mon May 04 11:39:05 PDT 2020","Mon May 04 12:02:26 PDT 2020","Thu May 07 12:02:26 PDT 2020","Thu May 07 12:03:23 PDT 2020","","","1401","67% (4/6)","67% (4/6)","67% (4/6)","Chrome","true","true","false","false","true","false","false","false","true","false","false","false","true","1","Mon 04 May 11:50:12 PST 2020","452","22,18,16,14,16,12,12,14,13,12,17,18,13,16,11,15,16,12,15,15,17,18,16,15,14,18,13,13,20,20,16,19,11,27,19,15,16,15,18,16,9,14,17,20,15,16,15,14,16,25,18,24,18,17,20,","7,8,10,8,12,7,8,9,8,8,6,13,10,13,6,10,8,8,6,6,5,8,9,9,8,14,10,11,15,16,11,11,7,16,11,10,13,9,8,12,6,10,13,14,7,10,8,6,11,18,13,14,13,11,13,","pass","0.9"
"3CIS7GGG79KCRELC3NMOYM3BH44EUF","3F3JD5CN1QYSKT8HP9LQEY5A3YBH0Y","Study on Picture Changes and Picture Quality","Use sliders to find when a picture changes and when the quality changes","image quality, image changes, slider","$0.50","Thu Apr 30 22:16:09 PDT 2020","100","BatchId:4017862;OriginalHitTemplateId:928390855;","7200","259200","Wed May 06 13:15:47 PDT 2020","","","3JZQSN0I3UBOEUI74VME09I6X0UGFH","A3G9FXO7P0JYR0","Approved","Mon May 04 12:33:30 PDT 2020","Mon May 04 12:42:50 PDT 2020","Thu May 07 12:42:50 PDT 2020","Thu May 07 12:43:24 PDT 2020","","","560","100% (1/1)","100% (1/1)","100% (1/1)","Chrome","true","true","false","false","true","false","false","false","true","false","false","false","true","1","Mon 04 May 12:36:05 PST 2020","466","23,25,20,23,19,24,20,22,19,19,18,21,20,20,17,22,18,21,17,21,15,22,21,20,18,17,17,17,18,25,18,22,17,19,19,18,21,22,19,18,15,21,19,17,18,17,18,17,20,17,18,20,18,20,21,","17,19,14,19,16,15,16,16,12,17,14,14,13,14,13,15,14,16,15,16,13,17,13,13,13,12,15,12,14,17,13,18,14,14,15,13,16,17,15,13,11,16,16,13,13,11,13,11,14,13,15,15,12,15,17,","pass","0.4"
"3CIS7GGG79KCRELC3NMOYM3BH44EUF","3F3JD5CN1QYSKT8HP9LQEY5A3YBH0Y","Study on Picture Changes and Picture Quality","Use sliders to find when a picture changes and when the quality changes","image quality, image changes, slider","$0.50","Thu Apr 30 22:16:09 PDT 2020","100","BatchId:4017862;OriginalHitTemplateId:928390855;","7200","259200","Wed May 06 13:15:47 PDT 2020","","","3PW9OPU9PUL79LGSYHM493KBM7712J","ACCBERAFKB2O7","Approved","Mon May 04 12:39:10 PDT 2020","Mon May 04 12:55:52 PDT 2020","Thu May 07 12:55:52 PDT 2020","Thu May 07 12:56:24 PDT 2020","","","1002","100% (15/15)","100% (15/15)","100% (15/15)","Firefox","true","true","false","false","true","false","false","false","true","false","false","false","true","1","Mon 04 May 12:40:27 PST 2020","471","21,17,22,22,21,21,22,24,22,21,19,21,21,24,18,16,21,22,21,19,27,21,24,27,22,21,25,23,23,26,26,23,23,29,26,26,23,23,24,23,23,24,24,27,25,22,24,22,24,22,28,26,31,20,23,","19,14,18,17,13,16,17,19,18,17,13,16,17,18,12,15,16,18,18,16,19,18,22,23,20,13,18,20,14,22,23,17,16,18,23,24,17,18,22,19,20,17,22,24,18,21,21,19,21,19,22,20,25,17,20,","pass","0.8207826816681233"
"3CIS7GGG79KCRELC3NMOYM3BH44EUF","3F3JD5CN1QYSKT8HP9LQEY5A3YBH0Y","Study on Picture Changes and Picture Quality","Use sliders to find when a picture changes and when the quality changes","image quality, image changes, slider","$0.50","Thu Apr 30 22:16:09 PDT 2020","100","BatchId:4017862;OriginalHitTemplateId:928390855;","7200","259200","Wed May 06 13:15:47 PDT 2020","","","3KB8R4ZV1I8Y1D6RZT0IHJRLI27BGZ","A31ADDR668XBYD","Approved","Mon May 04 13:01:14 PDT 2020","Mon May 04 13:51:03 PDT 2020","Thu May 07 13:51:03 PDT 2020","Thu May 07 13:51:24 PDT 2020","","","2989","100% (1/1)","100% (1/1)","100% (1/1)","Chrome","true","true","false","false","true","false","false","false","true","false","false","false","true","1","Mon 04 May 13:26:46 PST 2020","491","32,31,21,13,34,14,25,19,10,28,25,30,33,24,26,20,20,23,9,12,11,11,13,14,14,18,11,20,22,12,16,17,14,15,13,19,20,27,15,27,22,39,19,14,21,17,11,21,12,12,15,10,13,8,13,","22,18,14,10,25,10,13,10,8,20,15,26,30,18,11,11,14,16,7,11,9,10,8,11,9,13,10,12,15,10,9,15,13,12,13,11,16,19,10,19,17,30,15,11,16,13,10,13,9,6,9,8,10,7,10,","pass","1"
"3CIS7GGG79KCRELC3NMOYM3BH44EUF","3F3JD5CN1QYSKT8HP9LQEY5A3YBH0Y","Study on Picture Changes and Picture Quality","Use sliders to find when a picture changes and when the quality changes","image quality, image changes, slider","$0.50","Thu Apr 30 22:16:09 PDT 2020","100","BatchId:4017862;OriginalHitTemplateId:928390855;","7200","259200","Wed May 06 13:15:47 PDT 2020","","","3DZQRBDBSPGWONB5F0FTOECCIL43S0","AW334X4BLQ8FY","Approved","Mon May 04 14:30:05 PDT 2020","Mon May 04 15:04:56 PDT 2020","Thu May 07 15:04:56 PDT 2020","Thu May 07 15:05:23 PDT 2020","","","2091","100% (1/1)","100% (1/1)","100% (1/1)","Chrome","false","true","false","false","true","false","false","false","true","false","false","false","true","1","Mon 04 May 14:31:40 PST 2020","506","41,39,32,36,37,39,36,30,26,35,31,37,35,35,31,31,40,32,40,27,33,36,36,31,40,34,30,37,26,42,32,36,33,40,35,33,38,38,31,36,35,41,34,35,34,31,36,37,33,38,29,39,33,31,30,","27,26,20,20,31,27,25,17,20,30,26,32,30,23,21,22,31,26,26,12,19,27,26,30,28,30,24,26,17,34,25,31,31,30,16,29,29,33,23,30,19,34,23,24,27,29,33,18,26,30,22,28,21,21,21,","pass","-0.1"
"3CIS7GGG79KCRELC3NMOYM3BH44EUF","3F3JD5CN1QYSKT8HP9LQEY5A3YBH0Y","Study on Picture Changes and Picture Quality","Use sliders to find when a picture changes and when the quality changes","image quality, image changes, slider","$0.50","Thu Apr 30 22:16:09 PDT 2020","100","BatchId:4017862;OriginalHitTemplateId:928390855;","7200","259200","Wed May 06 13:15:47 PDT 2020","","","3BF51CHDTZBBHMYSLJLBI2736ZXH0U","A2XDSE5XZW9HQK","Approved","Mon May 04 17:57:52 PDT 2020","Mon May 04 18:40:47 PDT 2020","Thu May 07 18:40:47 PDT 2020","Thu May 07 18:41:23 PDT 2020","","","2575","100% (1/1)","100% (1/1)","100% (1/1)","Chrome","true","true","false","false","true","false","false","false","true","false","false","false","true","1","Mon 04 May 18:02:36 PST 2020","551","32,44,36,48,43,42,40,47,43,44,44,39,43,40,47,45,41,42,48,33,31,47,47,43,43,40,35,37,42,47,42,42,41,48,46,50,49,44,43,45,45,47,47,49,48,45,47,45,47,41,46,46,46,44,47,","32,31,31,44,40,36,39,37,37,43,44,36,42,35,39,36,36,37,45,27,31,44,45,31,42,39,32,33,38,45,40,40,37,47,43,49,44,42,38,40,43,43,46,46,45,39,46,41,46,40,44,43,44,41,41,","pass","0.6"
"3CIS7GGG79KCRELC3NMOYM3BH44EUF","3F3JD5CN1QYSKT8HP9LQEY5A3YBH0Y","Study on Picture Changes and Picture Quality","Use sliders to find when a picture changes and when the quality changes","image quality, image changes, slider","$0.50","Thu Apr 30 22:16:09 PDT 2020","100","BatchId:4017862;OriginalHitTemplateId:928390855;","7200","259200","Wed May 06 13:15:47 PDT 2020","","","3VBEN272MO0XIZNTAFMD781LMRCGSQ","APSN3KV49VLKX","Approved","Mon May 04 19:32:51 PDT 2020","Mon May 04 20:17:18 PDT 2020","Thu May 07 20:17:18 PDT 2020","Thu May 07 20:17:23 PDT 2020","","","2667","88% (7/8)","100% (7/7)","100% (7/7)","Chrome","true","true","false","false","true","false","false","false","true","false","false","false","true","1","Mon 04 May 20:13:08 PST 2020","565","32,31,32,36,37,33,32,33,36,35,34,31,34,34,37,35,31,34,34,31,31,30,31,33,29,31,35,30,37,33,29,34,37,34,34,33,33,31,36,33,31,32,27,37,36,33,31,29,34,29,31,34,33,30,29,","17,16,18,19,27,23,17,23,20,20,22,16,23,20,18,20,18,19,20,19,19,19,17,20,12,19,21,17,23,22,18,21,22,23,22,25,21,19,24,20,16,21,18,21,22,19,19,16,22,19,18,21,22,18,16,","pass","-0.20519567041703082"
"3CIS7GGG79KCRELC3NMOYM3BH44EUF","3F3JD5CN1QYSKT8HP9LQEY5A3YBH0Y","Study on Picture Changes and Picture Quality","Use sliders to find when a picture changes and when the quality changes","image quality, image changes, slider","$0.50","Thu Apr 30 22:16:09 PDT 2020","100","BatchId:4017862;OriginalHitTemplateId:928390855;","7200","259200","Wed May 06 13:15:47 PDT 2020","","","3VNXK88KKGJYVHHPQ4L8QEZ5HJKV9U","A1H5EWQBM25IWW","Approved","Mon May 04 21:41:16 PDT 2020","Mon May 04 22:17:18 PDT 2020","Thu May 07 22:17:18 PDT 2020","Thu May 07 22:17:23 PDT 2020","","","2162","100% (3/3)","100% (3/3)","100% (2/2)","Chrome","true","true","false","false","true","false","false","false","true","false","false","false","true","1","Mon 04 May 21:43:15 PST 2020","598","38,37,36,40,39,39,39,39,38,37,38,39,39,36,37,39,38,36,38,36,37,41,38,40,39,37,39,37,37,38,36,38,35,37,38,34,37,37,37,38,39,39,37,36,34,36,39,39,38,35,37,35,36,36,38,","24,27,28,30,29,25,30,28,29,27,26,28,29,26,26,26,26,26,28,28,29,33,30,29,29,24,27,23,26,28,25,27,24,27,26,22,25,29,28,27,30,28,27,26,25,28,29,28,27,26,26,26,26,26,26,","pass","0.3"
"3CIS7GGG79KCRELC3NMOYM3BH44EUF","3F3JD5CN1QYSKT8HP9LQEY5A3YBH0Y","Study on Picture Changes and Picture Quality","Use sliders to find when a picture changes and when the quality changes","image quality, image changes, slider","$0.50","Thu Apr 30 22:16:09 PDT 2020","100","BatchId:4017862;OriginalHitTemplateId:928390855;","7200","259200","Wed May 06 13:15:47 PDT 2020","","","31IBVUNM9W07WR82TQL00ALGKI9VFI","A2DQB1ZOYBYLUU","Approved","Tue May 05 05:45:22 PDT 2020","Tue May 05 05:55:57 PDT 2020","Fri May 08 05:55:57 PDT 2020","Fri May 08 05:56:23 PDT 2020","","","635","86% (6/7)","86% (6/7)","86% (6/7)","Chrome","false","true","false","false","true","false","false","false","true","false","false","false","true","1","Tue 05 May 05:46:08 PST 2020","661","41,42,41,41,39,36,32,37,39,41,35,41,36,30,31,30,38,27,35,30,34,33,37,36,43,30,39,28,38,34,32,39,40,30,37,38,35,32,37,37,44,37,33,41,32,39,37,35,29,30,30,38,35,36,33,","26,20,22,26,26,21,23,25,25,27,17,23,22,19,18,17,19,14,17,18,18,24,23,23,27,16,22,15,19,21,17,15,17,19,24,20,16,14,24,20,29,17,19,28,16,26,28,20,20,15,16,15,22,18,23,","pass","0.6"
"3CIS7GGG79KCRELC3NMOYM3BH44EUF","3F3JD5CN1QYSKT8HP9LQEY5A3YBH0Y","Study on Picture Changes and Picture Quality","Use sliders to find when a picture changes and when the quality changes","image quality, image changes, slider","$0.50","Thu Apr 30 22:16:09 PDT 2020","100","BatchId:4017862;OriginalHitTemplateId:928390855;","7200","259200","Wed May 06 13:15:47 PDT 2020","","","3GNA64GUZI5NPMJW1FEH8BVVEWI5QH","A25322LEAGNXQ","Approved","Tue May 05 05:54:51 PDT 2020","Tue May 05 06:02:28 PDT 2020","Fri May 08 06:02:28 PDT 2020","Fri May 08 06:03:23 PDT 2020","","","457","92% (12/13)","92% (12/13)","92% (12/13)","Chrome","true","true","false","false","true","false","false","false","true","false","false","false","true","1","Tue 05 May 05:55:31 PST 2020","663","20,21,20,16,20,20,22,25,25,25,27,25,29,28,28,26,24,25,21,20,25,22,20,18,23,18,20,20,18,18,15,19,17,19,17,20,23,24,19,24,20,22,23,26,23,29,24,24,19,26,24,23,22,27,23,","9,14,9,5,7,8,9,12,11,11,16,13,13,12,14,14,13,14,8,11,15,17,10,17,18,11,12,11,5,10,6,9,9,11,8,11,13,10,9,14,12,14,13,13,13,15,12,13,12,11,12,14,16,14,12,","pass","0.6668859288553503"
"3CIS7GGG79KCRELC3NMOYM3BH44EUF","3F3JD5CN1QYSKT8HP9LQEY5A3YBH0Y","Study on Picture Changes and Picture Quality","Use sliders to find when a picture changes and when the quality changes","image quality, image changes, slider","$0.50","Thu Apr 30 22:16:09 PDT 2020","100","BatchId:4017862;OriginalHitTemplateId:928390855;","7200","259200","Wed May 06 13:15:47 PDT 2020","","","34Z02EIMIWE1MVPNLD20WLARHV60T5","A3URTE7GTIK2Q6","Approved","Tue May 05 05:53:49 PDT 2020","Tue May 05 06:05:20 PDT 2020","Fri May 08 06:05:20 PDT 2020","Fri May 08 06:05:23 PDT 2020","","","691","86% (6/7)","86% (6/7)","100% (4/4)","Chrome","true","true","false","false","true","false","false","false","true","false","false","false","true","1","Tue 05 May 05:54:53 PST 2020","663","35,41,36,39,36,38,37,38,36,37,35,38,37,39,36,38,36,35,40,39,41,36,38,40,39,36,39,41,36,38,38,37,39,37,40,38,37,38,39,36,39,38,40,37,38,38,39,40,38,38,39,40,40,42,41,","27,31,26,28,23,29,28,26,25,29,25,29,26,26,27,28,24,26,31,29,35,30,27,30,30,27,30,29,27,30,27,28,31,27,34,29,24,26,31,25,30,27,32,27,28,32,33,32,29,30,30,33,32,30,33,","pass","0.872081599272381"
"3CIS7GGG79KCRELC3NMOYM3BH44EUF","3F3JD5CN1QYSKT8HP9LQEY5A3YBH0Y","Study on Picture Changes and Picture Quality","Use sliders to find when a picture changes and when the quality changes","image quality, image changes, slider","$0.50","Thu Apr 30 22:16:09 PDT 2020","100","BatchId:4017862;OriginalHitTemplateId:928390855;","7200","259200","Wed May 06 13:15:47 PDT 2020","","","3AMYWKA6YFNGNE6URLWIBCEVVRXO6W","A24JHFPVT6SCB6","Approved","Tue May 05 11:23:36 PDT 2020","Tue May 05 11:39:17 PDT 2020","Fri May 08 11:39:17 PDT 2020","Fri May 08 11:39:23 PDT 2020","","","941","100% (1/1)","100% (1/1)","100% (1/1)","Chrome","true","true","false","false","true","false","false","false","true","false","false","false","true","1","Tue 05 May 11:25:51 PST 2020","750","36,32,29,30,34,31,29,29,30,31,32,37,27,30,28,32,29,32,30,33,32,30,31,31,32,27,30,31,30,34,34,34,33,33,32,33,29,32,31,32,28,31,31,29,31,30,33,27,32,33,28,30,32,32,32,","20,12,10,8,13,10,11,14,10,8,23,14,20,10,9,13,13,10,8,11,12,7,10,11,15,14,9,11,14,12,18,11,11,14,14,11,10,21,8,12,9,10,13,9,9,8,10,9,10,10,10,10,9,12,9,","pass","0.9"
"3CIS7GGG79KCRELC3NMOYM3BH44EUF","3F3JD5CN1QYSKT8HP9LQEY5A3YBH0Y","Study on Picture Changes and Picture Quality","Use sliders to find when a picture changes and when the quality changes","image quality, image changes, slider","$0.50","Thu Apr 30 22:16:09 PDT 2020","100","BatchId:4017862;OriginalHitTemplateId:928390855;","7200","259200","Wed May 06 13:15:47 PDT 2020","","","3SLE99ER0REYSU1WPLO72Q7RTW3BZY","A1GOUPVKPVGFY1","Approved","Tue May 05 10:29:00 PDT 2020","Tue May 05 11:55:17 PDT 2020","Fri May 08 11:55:17 PDT 2020","Fri May 08 11:55:23 PDT 2020","","","5177","65% (13/20)","65% (13/20)","71% (5/7)","Chrome","true","true","false","false","true","false","false","false","true","false","false","false","true","1","Tue 05 May 11:25:31 PST 2020","749","21,23,22,22,22,22,22,26,22,20,23,22,23,29,24,24,24,23,28,33,32,26,35,29,29,31,29,27,26,28,27,28,27,27,27,29,29,25,26,25,32,28,28,30,28,28,29,28,30,26,26,32,30,29,30,","11,11,10,11,13,11,10,12,10,10,12,9,10,10,12,12,13,9,10,14,16,12,14,12,14,13,12,10,13,14,14,14,12,11,10,11,9,10,10,11,13,13,11,9,11,10,12,11,11,10,10,10,9,12,11,","pass","0.872081599272381"
"3CIS7GGG79KCRELC3NMOYM3BH44EUF","3F3JD5CN1QYSKT8HP9LQEY5A3YBH0Y","Study on Picture Changes and Picture Quality","Use sliders to find when a picture changes and when the quality changes","image quality, image changes, slider","$0.50","Thu Apr 30 22:16:09 PDT 2020","100","BatchId:4017862;OriginalHitTemplateId:928390855;","7200","259200","Wed May 06 13:15:47 PDT 2020","","","3NS0A6KXC89UJB9757GL31YO996ZGE","A2QKL5BAUUKSFU","Approved","Tue May 05 11:43:04 PDT 2020","Tue May 05 12:01:14 PDT 2020","Fri May 08 12:01:14 PDT 2020","Fri May 08 12:01:23 PDT 2020","","","1090","100% (2/2)","100% (2/2)","100% (1/1)","Chrome","false","true","false","false","true","false","false","false","true","false","false","false","true","1","Tue 05 May 11:51:11 PST 2020","759","42,35,31,31,41,43,44,39,43,39,45,35,43,46,41,33,37,37,36,37,37,38,41,42,43,39,37,41,44,46,40,43,43,44,42,38,36,40,42,40,39,41,34,40,40,40,35,37,38,42,40,42,44,34,26,","29,26,24,24,34,38,38,34,35,28,21,22,26,35,25,15,20,22,23,24,23,22,37,39,37,34,27,28,34,36,30,36,36,39,34,22,25,30,34,32,32,19,30,33,33,26,27,31,26,28,35,34,28,33,25,","pass","0.5"
"3CIS7GGG79KCRELC3NMOYM3BH44EUF","3F3JD5CN1QYSKT8HP9LQEY5A3YBH0Y","Study on Picture Changes and Picture Quality","Use sliders to find when a picture changes and when the quality changes","image quality, image changes, slider","$0.50","Thu Apr 30 22:16:09 PDT 2020","100","BatchId:4017862;OriginalHitTemplateId:928390855;","7200","259200","Wed May 06 13:15:47 PDT 2020","","","3VBEN272MO0XIZNTAFMD781LMU9GST","A3JSKXDWO79UY2","Approved","Tue May 05 12:02:59 PDT 2020","Tue May 05 12:18:54 PDT 2020","Fri May 08 12:18:54 PDT 2020","Fri May 08 12:19:23 PDT 2020","","","955","100% (6/6)","100% (6/6)","100% (6/6)","Chrome","false","true","false","false","true","false","false","false","true","false","false","false","true","1","Tue 05 May 12:08:27 PST 2020","763","23,24,19,18,26,30,24,22,20,23,17,22,18,21,22,20,20,18,23,26,26,22,20,19,16,17,17,20,22,24,20,22,21,20,26,21,23,20,17,17,15,18,15,27,21,23,20,22,17,20,21,23,20,20,20,","19,15,17,17,26,24,19,17,15,18,15,22,16,19,18,19,17,15,20,23,24,18,18,18,16,15,17,18,19,19,18,22,16,17,19,18,19,15,16,13,14,17,15,23,17,19,16,22,14,17,21,17,15,18,16,","pass","0.6155870112510925"
"3CIS7GGG79KCRELC3NMOYM3BH44EUF","3F3JD5CN1QYSKT8HP9LQEY5A3YBH0Y","Study on Picture Changes and Picture Quality","Use sliders to find when a picture changes and when the quality changes","image quality, image changes, slider","$0.50","Thu Apr 30 22:16:09 PDT 2020","100","BatchId:4017862;OriginalHitTemplateId:928390855;","7200","259200","Wed May 06 13:15:47 PDT 2020","","","32M8BPYGAXN8OLKX53SZ36VYEXLIGK","A6IBGN0J1CD9E","Approved","Tue May 05 14:13:40 PDT 2020","Tue May 05 14:38:28 PDT 2020","Fri May 08 14:38:28 PDT 2020","Fri May 08 14:39:23 PDT 2020","","","1488","100% (6/6)","100% (6/6)","100% (6/6)","Chrome","true","true","false","false","true","false","false","false","true","false","false","false","true","2","Tue 05 May 14:18:42 PST 2020","777","18,15,19,16,16,19,15,18,19,20,13,17,18,19,20,16,16,21,17,19,24,16,20,18,24,22,16,14,17,17,17,16,14,18,21,15,16,18,17,16,14,17,20,19,17,14,21,17,14,22,18,19,22,19,19,","14,9,11,10,11,10,11,13,12,12,8,9,11,12,11,8,12,12,9,9,13,9,12,13,15,13,12,10,10,11,10,12,9,12,14,10,10,12,11,11,9,11,13,13,11,9,10,11,9,11,11,11,15,12,13,","pass","0.9"
"3CIS7GGG79KCRELC3NMOYM3BH44EUF","3F3JD5CN1QYSKT8HP9LQEY5A3YBH0Y","Study on Picture Changes and Picture Quality","Use sliders to find when a picture changes and when the quality changes","image quality, image changes, slider","$0.50","Thu Apr 30 22:16:09 PDT 2020","100","BatchId:4017862;OriginalHitTemplateId:928390855;","7200","259200","Wed May 06 13:15:47 PDT 2020","","","3YDGXNSEO3VZNZF01GE7HS4HLWR48V","A3FKH79LDLWQ2G","Approved","Tue May 05 16:35:56 PDT 2020","Tue May 05 16:46:12 PDT 2020","Fri May 08 16:46:12 PDT 2020","Fri May 08 16:46:23 PDT 2020","","","616","100% (3/3)","100% (3/3)","100% (3/3)","Chrome","false","true","false","false","true","false","false","false","true","false","false","false","true","1","Tue 05 May 16:37:55 PST 2020","787","27,23,18,24,17,17,24,23,19,24,21,22,19,21,22,29,20,20,32,32,35,25,27,22,27,28,28,27,35,31,29,26,37,36,34,41,38,33,29,33,23,24,31,20,25,25,27,33,33,34,30,32,27,34,27,","22,19,15,19,14,13,19,17,14,19,17,18,17,17,18,22,17,16,25,25,28,21,22,16,22,23,22,20,28,24,22,21,29,32,29,36,34,30,22,28,19,20,26,15,18,21,23,28,25,27,25,26,23,29,22,","pass","0.6"
"3CIS7GGG79KCRELC3NMOYM3BH44EUF","3F3JD5CN1QYSKT8HP9LQEY5A3YBH0Y","Study on Picture Changes and Picture Quality","Use sliders to find when a picture changes and when the quality changes","image quality, image changes, slider","$0.50","Thu Apr 30 22:16:09 PDT 2020","100","BatchId:4017862;OriginalHitTemplateId:928390855;","7200","259200","Wed May 06 13:15:47 PDT 2020","","","3F1567XTN066Q9L845RYKR0X1VQQ9P","ASOA4U80ZL77P","Approved","Tue May 05 20:48:25 PDT 2020","Tue May 05 21:25:00 PDT 2020","Fri May 08 21:25:00 PDT 2020","Fri May 08 21:25:23 PDT 2020","","","2195","100% (1/1)","100% (1/1)","100% (1/1)","Chrome","true","true","false","false","true","false","false","false","true","false","false","false","true","1","Tue 05 May 20:52:56 PST 2020","823","44,44,39,44,40,41,39,41,41,40,35,45,47,39,41,43,43,42,45,45,45,44,46,45,45,45,47,45,39,42,45,31,42,46,41,44,33,41,45,40,41,40,37,39,37,44,41,38,44,39,43,47,47,42,45,","40,42,36,40,35,36,34,38,34,37,32,39,45,33,38,39,39,37,40,42,41,40,43,41,41,42,41,42,36,37,40,29,40,44,34,41,31,36,42,36,37,36,31,33,32,38,33,35,40,35,37,38,44,37,41,","pass","0.1"
"3CIS7GGG79KCRELC3NMOYM3BH44EUF","3F3JD5CN1QYSKT8HP9LQEY5A3YBH0Y","Study on Picture Changes and Picture Quality","Use sliders to find when a picture changes and when the quality changes","image quality, image changes, slider","$0.50","Thu Apr 30 22:16:09 PDT 2020","100","BatchId:4017862;OriginalHitTemplateId:928390855;","7200","259200","Wed May 06 13:15:47 PDT 2020","","","3IUZPWIU1S8VR20LKBHT2PWZ0RCWKO","A2MAGMY4JMDD3V","Approved","Wed May 06 01:25:05 PDT 2020","Wed May 06 02:01:23 PDT 2020","Sat May 09 02:01:23 PDT 2020","Sat May 09 02:02:23 PDT 2020","","","2178","100% (6/6)","100% (6/6)","100% (6/6)","Chrome","false","true","false","false","true","false","false","false","true","false","false","false","true","1","Wed 06 May 01:26:13 PST 2020","847","34,35,36,26,24,26,29,34,28,38,34,29,27,32,38,44,37,41,36,37,39,38,31,32,33,37,31,27,38,36,35,31,31,40,37,35,32,40,33,36,38,30,40,31,30,32,33,31,32,38,38,37,33,38,32,","27,26,21,20,20,20,24,24,22,25,31,23,23,23,31,36,30,35,27,31,35,31,25,27,27,30,26,21,33,29,27,26,26,35,24,28,30,35,31,32,32,25,34,27,26,26,29,23,28,26,31,29,28,34,27,","pass","0.9486832980505138"
"3CIS7GGG79KCRELC3NMOYM3BH44EUF","3F3JD5CN1QYSKT8HP9LQEY5A3YBH0Y","Study on Picture Changes and Picture Quality","Use sliders to find when a picture changes and when the quality changes","image quality, image changes, slider","$0.50","Thu Apr 30 22:16:09 PDT 2020","100","BatchId:4017862;OriginalHitTemplateId:928390855;","7200","259200","Wed May 06 13:15:47 PDT 2020","","","3LOZAJ85YHEFZM1L5A7B4COCSUJX2L","A3KIPPVTH4OJ9O","Approved","Wed May 06 05:55:28 PDT 2020","Wed May 06 06:35:53 PDT 2020","Sat May 09 06:35:53 PDT 2020","Sat May 09 06:36:23 PDT 2020","","","2425","100% (14/14)","100% (14/14)","100% (8/8)","Chrome","false","true","false","false","true","false","false","false","true","false","false","false","true","1","Wed 06 May 05:57:10 PST 2020","873","29,25,28,23,35,26,41,29,36,33,30,35,34,28,33,32,34,32,24,24,23,27,32,29,30,30,37,32,23,23,37,32,38,23,19,33,24,25,26,39,35,37,22,33,29,21,34,20,28,30,30,29,16,18,22,","17,16,23,16,29,19,35,23,26,26,23,19,20,19,22,26,28,20,17,18,17,16,23,16,22,23,27,27,16,15,24,19,31,14,11,23,13,18,20,25,27,26,15,21,17,17,22,17,16,19,21,21,13,15,16,","pass","0.9"
"3CIS7GGG79KCRELC3NMOYM3BH44EUF","3F3JD5CN1QYSKT8HP9LQEY5A3YBH0Y","Study on Picture Changes and Picture Quality","Use sliders to find when a picture changes and when the quality changes","image quality, image changes, slider","$0.50","Thu Apr 30 22:16:09 PDT 2020","100","BatchId:4017862;OriginalHitTemplateId:928390855;","7200","259200","Wed May 06 13:15:47 PDT 2020","","","33L7PJKHCKZJ4KUQGHFFP0G91ZHT8X","A18KXALS0FF25Z","Approved","Wed May 06 08:59:07 PDT 2020","Wed May 06 09:13:43 PDT 2020","Sat May 09 09:13:43 PDT 2020","Sat May 09 09:14:23 PDT 2020","","","876","100% (12/12)","100% (12/12)","100% (12/12)","Chrome","true","true","false","false","true","false","false","false","true","false","false","false","true","1","Wed 06 May 08:59:34 PST 2020","906","32,32,31,31,30,30,31,32,33,30,30,32,38,31,25,29,31,28,29,30,30,28,28,30,27,29,31,36,30,31,36,31,34,32,27,32,27,30,30,33,33,32,32,35,29,27,33,34,33,31,31,31,35,31,31,","29,27,28,28,26,28,28,29,30,26,24,19,35,26,23,26,27,26,27,25,27,25,25,25,25,26,28,30,26,27,32,26,29,29,24,29,22,24,26,28,28,27,28,31,25,23,30,30,30,23,26,24,29,28,28,","pass","0.9"
"3CIS7GGG79KCRELC3NMOYM3BH44EUF","3F3JD5CN1QYSKT8HP9LQEY5A3YBH0Y","Study on Picture Changes and Picture Quality","Use sliders to find when a picture changes and when the quality changes","image quality, image changes, slider","$0.50","Thu Apr 30 22:16:09 PDT 2020","100","BatchId:4017862;OriginalHitTemplateId:928390855;","7200","259200","Wed May 06 13:15:47 PDT 2020","","","3TK8OJTYM5MJN4XW7TH5C4ZKNUBPV7","A3IIBKVOL0GF35","Approved","Wed May 06 10:07:20 PDT 2020","Wed May 06 10:28:20 PDT 2020","Sat May 09 10:28:20 PDT 2020","Sat May 09 10:28:23 PDT 2020","","","1260","100% (2/2)","100% (2/2)","100% (2/2)","Chrome","true","true","false","false","true","false","false","false","true","false","false","false","true","1","Wed 06 May 10:11:33 PST 2020","929","27,15,25,21,24,21,18,16,21,16,27,22,24,17,26,19,27,25,31,40,33,20,23,26,32,22,25,21,18,24,26,28,26,24,16,24,22,28,26,25,37,39,25,28,23,24,24,39,25,31,30,25,25,16,24,","16,10,11,15,13,13,10,8,14,12,19,13,16,10,20,14,14,17,22,34,18,12,20,19,23,10,19,7,14,17,17,24,17,14,13,17,17,20,13,18,28,35,19,18,9,14,14,29,15,23,27,14,18,8,13,","pass","0.6"
"3CIS7GGG79KCRELC3NMOYM3BH44EUF","3F3JD5CN1QYSKT8HP9LQEY5A3YBH0Y","Study on Picture Changes and Picture Quality","Use sliders to find when a picture changes and when the quality changes","image quality, image changes, slider","$0.50","Thu Apr 30 22:16:09 PDT 2020","100","BatchId:4017862;OriginalHitTemplateId:928390855;","7200","259200","Wed May 06 13:15:47 PDT 2020","","","37KGEN7NJ7R6IK00LH866CA216CPPO","AT60ESWGVSAG9","Approved","Wed May 06 10:16:36 PDT 2020","Wed May 06 10:28:35 PDT 2020","Sat May 09 10:28:35 PDT 2020","Sat May 09 10:29:23 PDT 2020","","","719","96% (27/28)","96% (27/28)","100% (10/10)","Chrome","false","true","false","false","true","false","false","false","true","false","false","false","true","1","Wed 06 May 10:21:28 PST 2020","933","15,20,19,25,22,20,14,18,31,22,21,19,21,26,36,22,26,31,32,29,30,30,29,31,33,19,27,26,26,26,24,25,22,24,29,33,29,27,30,29,26,26,16,21,27,25,28,27,26,27,26,24,31,25,22,","13,18,16,24,21,19,13,17,30,20,19,17,19,24,32,21,21,29,28,25,27,28,26,26,24,18,25,23,23,23,22,24,20,22,22,30,26,25,25,24,16,19,15,19,25,22,25,25,22,25,24,20,24,20,19,","pass","1"
"3CIS7GGG79KCRELC3NMOYM3BH44EUF","3F3JD5CN1QYSKT8HP9LQEY5A3YBH0Y","Study on Picture Changes and Picture Quality","Use sliders to find when a picture changes and when the quality changes","image quality, image changes, slider","$0.50","Thu Apr 30 22:16:09 PDT 2020","100","BatchId:4017862;OriginalHitTemplateId:928390855;","7200","259200","Wed May 06 13:15:47 PDT 2020","","","3KRVW3HTZRMXA9JFLIK8KDLIJLOSMR","A16UY7B49KYG48","Approved","Wed May 06 11:43:11 PDT 2020","Wed May 06 12:24:09 PDT 2020","Sat May 09 12:24:09 PDT 2020","Sat May 09 12:24:23 PDT 2020","","","2458","100% (1/1)","100% (1/1)","100% (1/1)","Chrome","false","true","false","false","true","false","false","false","true","false","false","false","true","1","Wed 06 May 11:46:27 PST 2020","959","35,32,35,36,35,33,30,33,32,39,32,35,39,39,31,36,34,38,36,35,40,36,37,36,35,36,38,37,39,43,41,40,40,36,35,29,36,35,35,43,38,33,32,39,37,38,35,42,38,39,44,41,40,42,37,","25,22,25,28,28,24,21,27,25,30,23,27,32,33,25,26,28,32,29,28,28,29,29,26,28,26,28,31,33,33,32,32,30,29,28,24,28,26,27,33,31,26,25,30,30,32,27,34,28,34,36,32,33,33,30,","pass","0.8944271909999159"
"3CIS7GGG79KCRELC3NMOYM3BH44EUF","3F3JD5CN1QYSKT8HP9LQEY5A3YBH0Y","Study on Picture Changes and Picture Quality","Use sliders to find when a picture changes and when the quality changes","image quality, image changes, slider","$0.50","Thu Apr 30 22:16:09 PDT 2020","100","BatchId:4017862;OriginalHitTemplateId:928390855;","7200","259200","Wed May 06 13:15:47 PDT 2020","","","3Q5C1WP23Q2Z8IZFG0O27ANN7QM15R","A9BVP8I7P8RF8","Approved","Wed May 06 11:45:13 PDT 2020","Wed May 06 12:36:39 PDT 2020","Sat May 09 12:36:39 PDT 2020","Sat May 09 12:37:23 PDT 2020","","","3086","75% (6/8)","75% (6/8)","75% (6/8)","Chrome","true","true","false","false","true","false","false","false","true","false","false","false","true","1","Wed 06 May 12:28:45 PST 2020","974","21,29,23,26,21,25,27,24,22,27,25,21,22,23,24,23,18,18,21,21,23,25,19,21,23,17,23,24,22,27,20,23,22,23,26,26,20,23,22,21,21,21,20,25,21,18,15,21,24,24,20,25,25,26,17,","17,23,19,21,16,19,21,19,19,20,16,17,18,18,18,18,15,15,17,17,19,20,15,16,18,15,19,19,18,18,16,17,17,19,19,20,16,18,17,17,16,17,16,20,18,16,13,16,18,18,16,21,19,19,14,","pass","0.15389675281277312"
"3CIS7GGG79KCRELC3NMOYM3BH44EUF","3F3JD5CN1QYSKT8HP9LQEY5A3YBH0Y","Study on Picture Changes and Picture Quality","Use sliders to find when a picture changes and when the quality changes","image quality, image changes, slider","$0.50","Thu Apr 30 22:16:09 PDT 2020","100","BatchId:4017862;OriginalHitTemplateId:928390855;","7200","259200","Wed May 06 13:15:47 PDT 2020","","","3PQ8K71NH1LS8COW7F8CQMWC3Z0AA3","AA4AER0VMM22V","Approved","Wed May 06 12:17:20 PDT 2020","Wed May 06 13:12:34 PDT 2020","Sat May 09 13:12:34 PDT 2020","Sat May 09 13:13:23 PDT 2020","","","3314","100% (1/1)","100% (1/1)","100% (1/1)","Chrome","false","true","false","false","true","false","false","false","true","false","false","false","true","1","Wed 06 May 12:27:24 PST 2020","975","18,15,29,39,26,32,18,24,22,40,41,20,20,22,23,17,22,37,34,27,28,28,19,41,37,36,42,27,34,42,26,26,28,36,37,21,27,34,29,26,23,29,31,21,23,24,20,34,36,41,22,23,28,19,31,","13,11,19,33,18,29,13,17,18,35,36,16,14,21,17,12,15,30,28,23,23,19,16,33,30,31,37,19,28,34,18,18,21,28,32,16,15,26,24,21,18,22,25,13,12,19,13,32,27,34,19,20,22,13,23,","pass","0.9"