"HITId","HITTypeId","Title","Description","Keywords","Reward","CreationTime","MaxAssignments","RequesterAnnotation","AssignmentDurationInSeconds","AutoApprovalDelayInSeconds","Expiration","NumberOfSimilarHITs","LifetimeInSeconds","AssignmentId","WorkerId","AssignmentStatus","AcceptTime","SubmitTime","AutoApprovalTime","ApprovalTime","RejectionTime","RequesterFeedback","WorkTimeInSeconds","LifetimeApprovalRate","Last30DaysApprovalRate","Last7DaysApprovalRate","Answer.browser","Answer.maybe_fail_flag","Answer.opt1.420","Answer.opt1.42069","Answer.opt1.69","Answer.opt2.420","Answer.opt2.42069","Answer.opt2.69","Answer.opt3.420","Answer.opt3.42069","Answer.opt3.69","Answer.opt4.420","Answer.opt4.42069","Answer.opt4.69","Answer.quiz_attempts","Answer.quiz_complete_time","Answer.set_number","Answer.slider_values","Answer.slider_values2","Answer.srcc_fail","Answer.srcc_score","Approve","Reject"
"33BFF6QPJ5CM9KUK93KTXJKBBVP3WC","3F3JD5CN1QYSKT8HP9LQEY5A3YBH0Y","Study on Picture Changes and Picture Quality","Use sliders to find when a picture changes and when the quality changes","image quality, image changes, slider","$0.50","Thu Apr 30 22:17:53 PDT 2020","117","BatchId:4017872;OriginalHitTemplateId:928390855;","7200","259200","Thu May 14 22:17:53 PDT 2020","","","30H4UDGLT6J0XH3NT1GEP8G7VDXPMB","A2S2UWI1G2H8IQ","Approved","Fri May 01 09:31:29 PDT 2020","Fri May 01 10:25:29 PDT 2020","Mon May 04 10:25:29 PDT 2020","Sat May 02 15:00:33 PDT 2020","","","3240","95% (19/20)","95% (19/20)","100% (12/12)","Chrome","true","true","false","false","true","false","false","false","true","false","false","false","true","1","Fri 01 May 10:16:12 PST 2020","5325","35,39,39,40,40,39,42,41,34,40,37,34,36,41,37,34,37,40,42,42,39,44,37,35,39,37,35,34,32,40,33,39,32,37,39,37,41,40,39,41,39,37,40,41,40,42,39,44,40,41,37,40,39,38,42,","28,26,28,29,30,27,33,26,25,28,26,26,23,28,25,23,30,27,30,32,29,32,27,26,27,25,25,21,24,26,22,25,25,27,25,24,28,27,25,26,27,27,27,29,30,27,26,27,25,29,27,28,27,27,26,","pass","-0.33541019662496846"
"33BFF6QPJ5CM9KUK93KTXJKBBVP3WC","3F3JD5CN1QYSKT8HP9LQEY5A3YBH0Y","Study on Picture Changes and Picture Quality","Use sliders to find when a picture changes and when the quality changes","image quality, image changes, slider","$0.50","Thu Apr 30 22:17:53 PDT 2020","117","BatchId:4017872;OriginalHitTemplateId:928390855;","7200","259200","Thu May 14 22:17:53 PDT 2020","","","30H4UDGLT6J0XH3NT1GEP8G7VGYPMI","AUAPLGQ19ISI0","Approved","Fri May 01 23:54:14 PDT 2020","Sat May 02 00:13:23 PDT 2020","Tue May 05 00:13:23 PDT 2020","Sat May 02 15:25:54 PDT 2020","","","1149","92% (24/26)","92% (24/26)","100% (8/8)","Chrome","true","true","false","false","true","false","false","false","true","false","false","false","true","1","Fri 01 May 23:55:14 PST 2020","5592","28,30,29,31,29,28,30,28,30,26,29,29,28,29,29,32,27,29,26,30,27,29,28,26,28,29,27,28,31,27,26,29,27,28,32,29,31,30,29,28,28,30,30,29,31,31,29,28,32,31,29,28,28,29,27,","17,22,20,19,16,17,21,17,19,17,19,18,18,19,21,22,17,18,19,20,19,18,17,15,16,20,18,22,20,21,21,22,17,19,22,19,21,19,23,18,17,18,19,19,20,23,20,20,19,20,20,19,20,18,17,","pass","0.6668859288553503"
"33BFF6QPJ5CM9KUK93KTXJKBBVP3WC","3F3JD5CN1QYSKT8HP9LQEY5A3YBH0Y","Study on Picture Changes and Picture Quality","Use sliders to find when a picture changes and when the quality changes","image quality, image changes, slider","$0.50","Thu Apr 30 22:17:53 PDT 2020","117","BatchId:4017872;OriginalHitTemplateId:928390855;","7200","259200","Thu May 14 22:17:53 PDT 2020","","","323Q6SJS8MH2EQDIO14WL9U7CKIFHU","A1405R4VGPXP1T","Approved","Fri May 01 05:54:30 PDT 2020","Fri May 01 06:28:22 PDT 2020","Mon May 04 06:28:22 PDT 2020","Sat May 02 15:00:34 PDT 2020","","","2032","100% (3/3)","100% (3/3)","100% (3/3)","Chrome","true","true","false","false","true","false","false","false","true","false","false","false","true","1","Fri 01 May 05:57:59 PST 2020","5196","43,38,43,41,34,38,36,38,40,33,43,38,45,43,43,45,41,37,36,31,39,28,31,29,47,42,33,35,41,43,39,38,38,45,43,39,39,32,36,42,44,41,33,41,45,36,40,38,39,42,44,38,38,38,38,","33,32,37,35,27,30,30,31,37,28,33,34,35,35,38,38,37,29,26,26,35,21,26,23,41,34,29,30,34,39,35,32,35,41,36,32,32,29,29,30,40,36,29,33,38,28,35,34,37,32,36,34,32,29,36,","pass","0.7"
"33BFF6QPJ5CM9KUK93KTXJKBBVP3WC","3F3JD5CN1QYSKT8HP9LQEY5A3YBH0Y","Study on Picture Changes and Picture Quality","Use sliders to find when a picture changes and when the quality changes","image quality, image changes, slider","$0.50","Thu Apr 30 22:17:53 PDT 2020","117","BatchId:4017872;OriginalHitTemplateId:928390855;","7200","259200","Thu May 14 22:17:53 PDT 2020","","","324G5B4FB79EOXSG8AZZRPI9SQU07S","A1P7BYPKAV7Y7R","Approved","Sun May 03 17:50:58 PDT 2020","Sun May 03 18:02:51 PDT 2020","Wed May 06 18:02:51 PDT 2020","Tue May 05 09:42:30 PDT 2020","","","713","88% (7/8)","88% (7/8)","88% (7/8)","Chrome","false","true","false","false","true","false","false","false","true","false","false","false","true","1","Sun 03 May 17:52:09 PST 2020","267","22,17,26,25,23,37,25,28,20,16,37,25,25,21,27,21,20,22,26,28,31,25,27,22,24,25,25,23,26,29,32,36,31,26,28,28,33,32,30,27,29,28,26,25,24,24,24,23,21,24,32,28,32,29,33,","14,10,17,19,18,31,16,22,13,12,28,18,18,15,21,14,14,17,19,20,24,19,21,16,16,18,18,15,17,24,25,31,23,18,18,23,27,27,23,21,24,19,20,20,17,17,16,18,12,18,26,24,28,23,25,","pass","1"
"33BFF6QPJ5CM9KUK93KTXJKBBVP3WC","3F3JD5CN1QYSKT8HP9LQEY5A3YBH0Y","Study on Picture Changes and Picture Quality","Use sliders to find when a picture changes and when the quality changes","image quality, image changes, slider","$0.50","Thu Apr 30 22:17:53 PDT 2020","117","BatchId:4017872;OriginalHitTemplateId:928390855;","7200","259200","Thu May 14 22:17:53 PDT 2020","","","32SCWG5HIL5Y8EIV6L9X0CJL5CJP60","A2OC659BTNI7WM","Approved","Fri May 01 04:34:18 PDT 2020","Fri May 01 04:59:33 PDT 2020","Mon May 04 04:59:33 PDT 2020","Sat May 02 15:00:34 PDT 2020","","","1515","100% (2/2)","100% (2/2)","100% (2/2)","Chrome","false","true","false","false","true","false","false","false","true","false","false","false","true","1","Fri 01 May 04:39:36 PST 2020","5157","25,23,19,24,22,24,16,25,17,21,25,31,21,20,26,24,19,22,21,21,25,23,26,24,33,31,31,33,32,32,24,32,35,26,34,26,25,32,34,33,32,31,34,25,31,26,26,28,22,18,27,24,25,23,32,","11,15,9,12,10,10,9,10,9,10,9,16,11,11,10,9,9,11,11,13,11,10,12,12,19,16,14,15,16,14,12,23,18,16,21,12,14,17,19,18,17,19,15,15,17,14,12,12,11,12,14,11,10,15,18,","pass","0.8"
"33BFF6QPJ5CM9KUK93KTXJKBBVP3WC","3F3JD5CN1QYSKT8HP9LQEY5A3YBH0Y","Study on Picture Changes and Picture Quality","Use sliders to find when a picture changes and when the quality changes","image quality, image changes, slider","$0.50","Thu Apr 30 22:17:53 PDT 2020","117","BatchId:4017872;OriginalHitTemplateId:928390855;","7200","259200","Thu May 14 22:17:53 PDT 2020","","","336KAV9KYUT4ZRRVA6TDNQVLTP02YW","A3T0EHX7Z57BC9","Submitted","Mon May 04 06:33:24 PDT 2020","Mon May 04 06:58:02 PDT 2020","Thu May 07 06:58:02 PDT 2020","","","","1478","100% (2/2)","100% (2/2)","100% (2/2)","Firefox","false","true","false","false","true","false","false","false","true","false","false","false","true","2","Mon 04 May 06:39:18 PST 2020","359","39,37,39,38,39,37,36,33,31,22,30,21,30,25,24,31,38,23,22,39,28,36,22,27,34,35,27,29,25,30,22,38,22,36,28,36,24,31,34,37,25,22,28,25,19,29,36,40,37,29,26,27,38,32,30,","33,30,32,34,34,29,23,23,19,15,23,13,20,15,16,22,29,14,14,29,21,23,12,22,29,27,20,21,13,21,16,31,15,29,21,28,15,24,27,28,17,14,21,18,15,23,31,34,32,19,21,22,26,26,21,","pass","0.5"
"33BFF6QPJ5CM9KUK93KTXJKBBVP3WC","3F3JD5CN1QYSKT8HP9LQEY5A3YBH0Y","Study on Picture Changes and Picture Quality","Use sliders to find when a picture changes and when the quality changes","image quality, image changes, slider","$0.50","Thu Apr 30 22:17:53 PDT 2020","117","BatchId:4017872;OriginalHitTemplateId:928390855;","7200","259200","Thu May 14 22:17:53 PDT 2020","","","33PPO7FECZG5C1A63DRRXLS10K8DI1","A3SAN0Z4EPHDYA","Rejected","Fri May 01 03:48:01 PDT 2020","Fri May 01 04:28:20 PDT 2020","Mon May 04 04:28:20 PDT 2020","","Sat May 02 15:18:33 PDT 2020","We have detected that you were not taking the task seriously or you misinterpreted the instructions.","2419","0% (0/1)","0% (0/1)","0% (0/1)","Chrome","true","true","false","false","true","false","false","false","true","false","false","false","true","1","Fri 01 May 03:51:51 PST 2020","5132","18,18,25,25,14,19,20,12,32,19,19,12,25,26,18,12,14,18,9,18,24,30,24,21,11,17,18,25,22,17,21,29,19,19,31,25,10,12,23,14,18,19,20,21,23,20,28,22,19,19,18,16,18,24,17,","13,14,14,9,9,15,15,10,23,17,13,10,15,21,15,7,8,7,5,11,14,18,20,11,9,9,8,15,10,10,13,17,13,8,20,10,5,6,17,7,7,12,12,12,16,11,19,15,14,11,10,9,6,12,11,","pass","0.6"
"33BFF6QPJ5CM9KUK93KTXJKBBVP3WC","3F3JD5CN1QYSKT8HP9LQEY5A3YBH0Y","Study on Picture Changes and Picture Quality","Use sliders to find when a picture changes and when the quality changes","image quality, image changes, slider","$0.50","Thu Apr 30 22:17:53 PDT 2020","117","BatchId:4017872;OriginalHitTemplateId:928390855;","7200","259200","Thu May 14 22:17:53 PDT 2020","","","34FNN24DCQAWYOAISPVBLXYXDM35YM","AQVOSLLEEZVD4","Approved","Fri May 01 01:49:45 PDT 2020","Fri May 01 02:05:28 PDT 2020","Mon May 04 02:05:28 PDT 2020","Sat May 02 15:00:34 PDT 2020","","","943","88% (28/32)","88% (28/32)","88% (28/32)","Chrome","false","true","false","false","true","false","false","false","true","false","false","false","true","1","Fri 01 May 01:50:22 PST 2020","5077","20,22,27,25,22,25,23,31,26,25,26,22,26,23,22,21,22,26,25,27,21,24,29,27,29,26,23,24,19,21,22,25,30,26,29,27,29,28,28,23,24,26,24,25,24,25,25,28,32,29,27,28,28,25,25,","16,18,23,22,17,18,19,23,21,21,21,18,20,19,17,19,19,20,23,24,19,19,22,23,23,21,19,20,15,17,17,21,24,20,24,23,24,23,24,19,21,22,20,20,22,21,20,25,26,26,22,23,23,22,22,","pass","0.9"
"33BFF6QPJ5CM9KUK93KTXJKBBVP3WC","3F3JD5CN1QYSKT8HP9LQEY5A3YBH0Y","Study on Picture Changes and Picture Quality","Use sliders to find when a picture changes and when the quality changes","image quality, image changes, slider","$0.50","Thu Apr 30 22:17:53 PDT 2020","117","BatchId:4017872;OriginalHitTemplateId:928390855;","7200","259200","Thu May 14 22:17:53 PDT 2020","","","358010RM5IUOWDZNTKRM6HLNONRVXV","A1Q7P3V8127WR","Submitted","Tue May 05 07:49:46 PDT 2020","Tue May 05 08:17:00 PDT 2020","Fri May 08 08:17:00 PDT 2020","","","","1634","100% (17/17)","100% (14/14)","100% (6/6)","Chrome","false","true","false","false","true","false","false","false","true","false","false","false","true","1","Tue 05 May 08:05:36 PST 2020","693","39,40,41,44,38,30,35,33,33,38,34,29,38,43,38,39,42,44,38,39,43,40,42,39,41,37,42,34,34,42,39,40,36,30,41,41,39,42,34,45,34,45,40,36,36,39,41,38,40,41,37,42,40,42,43,","25,26,15,23,24,16,21,19,21,23,20,11,21,24,22,22,27,32,26,23,30,29,33,25,27,25,28,17,17,30,25,21,17,15,27,30,26,26,26,35,24,32,28,25,18,24,21,24,21,28,22,25,28,29,29,","pass","0.8"
"33BFF6QPJ5CM9KUK93KTXJKBBVP3WC","3F3JD5CN1QYSKT8HP9LQEY5A3YBH0Y","Study on Picture Changes and Picture Quality","Use sliders to find when a picture changes and when the quality changes","image quality, image changes, slider","$0.50","Thu Apr 30 22:17:53 PDT 2020","117","BatchId:4017872;OriginalHitTemplateId:928390855;","7200","259200","Thu May 14 22:17:53 PDT 2020","","","35USIKEBNVHY5T6IQ6W5WNEQ56A6NV","AYNDM4LEISPXZ","Approved","Sun May 03 02:27:29 PDT 2020","Sun May 03 02:43:27 PDT 2020","Wed May 06 02:43:27 PDT 2020","Tue May 05 09:42:30 PDT 2020","","","958","90% (9/10)","88% (7/8)","67% (2/3)","Chrome","false","true","false","false","true","false","false","false","true","false","false","false","true","1","Sun 03 May 02:28:07 PST 2020","112","39,41,30,35,36,37,37,36,33,39,34,41,39,39,40,35,38,31,34,36,34,38,39,36,36,36,35,40,33,35,34,34,32,33,31,36,41,34,34,34,39,34,35,35,37,36,33,34,34,33,31,32,33,34,34,","29,31,24,27,26,27,26,26,26,29,25,32,29,30,28,25,27,25,28,30,27,31,30,27,28,28,28,31,24,24,26,24,26,26,25,28,32,25,25,25,31,26,29,28,31,28,27,28,26,26,24,25,27,26,28,","pass","0.1"
"33BFF6QPJ5CM9KUK93KTXJKBBVP3WC","3F3JD5CN1QYSKT8HP9LQEY5A3YBH0Y","Study on Picture Changes and Picture Quality","Use sliders to find when a picture changes and when the quality changes","image quality, image changes, slider","$0.50","Thu Apr 30 22:17:53 PDT 2020","117","BatchId:4017872;OriginalHitTemplateId:928390855;","7200","259200","Thu May 14 22:17:53 PDT 2020","","","36DSNE9QZ9ZSB9L1B4Q7KGJ0HCQOJ5","A3TKUXUTDX6FBF","Rejected","Fri May 01 00:09:40 PDT 2020","Fri May 01 00:32:10 PDT 2020","Mon May 04 00:32:10 PDT 2020","","Sat May 02 21:28:03 PDT 2020","We have detected that you may have misinterpreted the instructions. Some of your values for the second slider are too low. They should indicate when the image's quality has dropped slightly. However, for some of your values for slider 2, the image quality has dropped by a noticeable amount.","1350","69% (18/26)","69% (18/26)","45% (5/11)","Chrome","true","true","false","false","true","false","false","false","true","false","false","false","true","1","Fri 01 May 00:17:33 PST 2020","5040","26,27,25,23,25,25,25,25,26,25,24,28,27,28,25,25,24,25,25,26,25,27,25,24,25,26,25,25,24,24,25,24,25,24,25,26,26,26,26,25,25,24,24,27,27,25,24,25,24,23,25,20,22,24,22,","12,12,11,9,9,9,10,9,10,10,7,12,9,11,12,7,9,9,10,11,9,9,10,9,11,13,10,10,9,8,14,9,10,11,9,9,10,10,8,10,9,10,9,11,8,8,9,9,8,8,7,9,5,8,7,","pass","0.5270462766947299"
"33BFF6QPJ5CM9KUK93KTXJKBBVP3WC","3F3JD5CN1QYSKT8HP9LQEY5A3YBH0Y","Study on Picture Changes and Picture Quality","Use sliders to find when a picture changes and when the quality changes","image quality, image changes, slider","$0.50","Thu Apr 30 22:17:53 PDT 2020","117","BatchId:4017872;OriginalHitTemplateId:928390855;","7200","259200","Thu May 14 22:17:53 PDT 2020","","","36NEMU28XJEQHQ0O5NU9H2O3O95WMG","A4KNDY46T492L","Approved","Fri May 01 05:35:55 PDT 2020","Fri May 01 06:17:39 PDT 2020","Mon May 04 06:17:39 PDT 2020","Sat May 02 15:00:34 PDT 2020","","","2504","100% (2/2)","100% (2/2)","100% (1/1)","Chrome","false","true","false","false","true","false","false","false","true","false","false","false","true","1","Fri 01 May 06:09:29 PST 2020","5201","31,33,29,29,29,29,31,26,29,29,29,29,33,25,33,24,28,29,29,27,26,30,25,36,19,31,26,22,29,26,32,29,30,25,28,29,34,29,26,30,26,31,30,31,31,33,37,32,35,34,37,39,31,31,37,","26,27,23,24,22,23,25,19,24,22,25,24,27,22,28,20,20,24,24,23,20,26,17,32,16,24,21,19,25,23,25,21,25,21,24,25,30,24,21,22,21,26,26,26,21,28,34,28,27,29,29,35,28,27,29,","pass","0.6155870112510925"
"33BFF6QPJ5CM9KUK93KTXJKBBVP3WC","3F3JD5CN1QYSKT8HP9LQEY5A3YBH0Y","Study on Picture Changes and Picture Quality","Use sliders to find when a picture changes and when the quality changes","image quality, image changes, slider","$0.50","Thu Apr 30 22:17:53 PDT 2020","117","BatchId:4017872;OriginalHitTemplateId:928390855;","7200","259200","Thu May 14 22:17:53 PDT 2020","","","373ERPL3YS9PMP9MFQLFGHBEQ67RT2","A1MPGNVKJI4ZT6","Approved","Fri May 01 21:18:53 PDT 2020","Fri May 01 21:32:30 PDT 2020","Mon May 04 21:32:30 PDT 2020","Sat May 02 15:00:34 PDT 2020","","","817","91% (21/23)","91% (21/23)","75% (3/4)","Firefox","true","true","false","false","true","false","false","false","true","false","false","false","true","1","Fri 01 May 21:19:34 PST 2020","5568","24,25,21,21,20,20,20,18,17,19,16,20,19,19,18,21,21,21,23,21,20,19,17,18,18,20,17,19,19,19,17,18,14,15,15,19,21,21,23,17,16,20,37,25,22,19,19,23,18,16,19,20,22,20,19,","20,21,14,18,16,17,16,15,14,16,13,16,16,15,15,17,17,17,19,17,15,15,14,15,15,17,15,16,16,16,14,15,11,12,13,15,17,18,18,14,13,16,33,21,18,15,16,19,14,13,15,16,18,17,15,","pass","0.6668859288553503"
"33BFF6QPJ5CM9KUK93KTXJKBBVP3WC","3F3JD5CN1QYSKT8HP9LQEY5A3YBH0Y","Study on Picture Changes and Picture Quality","Use sliders to find when a picture changes and when the quality changes","image quality, image changes, slider","$0.50","Thu Apr 30 22:17:53 PDT 2020","117","BatchId:4017872;OriginalHitTemplateId:928390855;","7200","259200","Thu May 14 22:17:53 PDT 2020","","","37M28K1J0UE395R01LLPJLZVSBRJA2","A3IJYZ4RU10XDN","Submitted","Mon May 04 09:19:15 PDT 2020","Mon May 04 09:37:15 PDT 2020","Thu May 07 09:37:15 PDT 2020","","","","1080","0% (0/0)","0% (0/0)","0% (0/0)","Chrome","false","true","false","false","true","false","false","false","true","false","false","false","true","1","Mon 04 May 09:20:17 PST 2020","403","38,34,36,36,36,32,30,33,33,38,35,42,35,41,39,40,41,42,44,43,44,38,42,44,37,17,37,37,39,34,29,44,33,42,40,39,32,32,35,37,42,38,43,36,39,41,40,41,42,41,40,39,41,39,43,","30,29,28,18,27,27,23,27,23,29,30,35,33,35,30,35,39,39,40,35,39,31,33,34,31,12,27,28,32,29,17,28,29,30,33,33,28,23,28,34,27,34,35,31,33,38,35,37,37,36,36,35,36,34,36,","pass","0.4"
"33BFF6QPJ5CM9KUK93KTXJKBBVP3WC","3F3JD5CN1QYSKT8HP9LQEY5A3YBH0Y","Study on Picture Changes and Picture Quality","Use sliders to find when a picture changes and when the quality changes","image quality, image changes, slider","$0.50","Thu Apr 30 22:17:53 PDT 2020","117","BatchId:4017872;OriginalHitTemplateId:928390855;","7200","259200","Thu May 14 22:17:53 PDT 2020","","","37TD41K0ALAK1N7O8TQUHHG6OIFCS9","A2UECV8VHVNWX7","Approved","Fri May 01 07:07:59 PDT 2020","Fri May 01 07:16:03 PDT 2020","Mon May 04 07:16:03 PDT 2020","Sat May 02 21:29:25 PDT 2020","","","484","100% (1/1)","100% (1/1)","100% (1/1)","Chrome","false","true","false","false","true","false","false","false","true","false","false","false","true","2","Fri 01 May 07:10:23 PST 2020","5237","26,25,30,20,11,20,16,25,30,26,22,25,16,25,24,26,20,29,31,24,21,24,25,20,13,26,26,24,25,17,25,28,22,25,25,22,23,21,27,29,27,30,32,27,28,25,27,37,35,34,25,23,26,20,24,","19,20,15,12,10,15,15,22,23,22,18,15,15,15,12,16,11,15,26,18,16,18,18,14,10,21,20,20,20,14,16,26,15,19,17,12,20,13,19,24,23,22,21,19,22,20,20,28,31,29,19,14,18,9,14,","pass","0.22360679774997896"
"33BFF6QPJ5CM9KUK93KTXJKBBVP3WC","3F3JD5CN1QYSKT8HP9LQEY5A3YBH0Y","Study on Picture Changes and Picture Quality","Use sliders to find when a picture changes and when the quality changes","image quality, image changes, slider","$0.50","Thu Apr 30 22:17:53 PDT 2020","117","BatchId:4017872;OriginalHitTemplateId:928390855;","7200","259200","Thu May 14 22:17:53 PDT 2020","","","39JEC7537Y20TFOS2OVZS40DNQKCVX","ANY0VLVZNFF0H","Approved","Fri May 01 21:07:20 PDT 2020","Fri May 01 21:18:04 PDT 2020","Mon May 04 21:18:04 PDT 2020","Sat May 02 15:00:34 PDT 2020","","","644","100% (1/1)","100% (1/1)","100% (1/1)","Chrome","true","true","false","false","true","false","false","false","true","false","false","false","true","1","Fri 01 May 21:09:52 PST 2020","5566","34,19,29,22,27,23,32,22,22,28,23,26,23,27,35,26,29,20,24,36,26,18,25,30,27,25,27,23,26,30,27,27,34,34,40,29,27,29,28,27,28,22,28,20,25,30,31,34,26,24,36,39,38,35,31,","21,16,18,14,22,15,15,16,15,15,13,15,13,15,21,18,18,13,12,26,21,12,16,18,15,14,16,14,15,17,17,17,19,22,22,17,14,15,14,14,10,15,16,10,14,16,19,19,16,10,21,21,25,24,16,","pass","-0.30779350562554625"
"33BFF6QPJ5CM9KUK93KTXJKBBVP3WC","3F3JD5CN1QYSKT8HP9LQEY5A3YBH0Y","Study on Picture Changes and Picture Quality","Use sliders to find when a picture changes and when the quality changes","image quality, image changes, slider","$0.50","Thu Apr 30 22:17:53 PDT 2020","117","BatchId:4017872;OriginalHitTemplateId:928390855;","7200","259200","Thu May 14 22:17:53 PDT 2020","","","39K0FND3ALGTADXL4IYHZDRCW9JAM2","AP14XBCLUV85T","Submitted","Tue May 05 05:23:47 PDT 2020","Tue May 05 06:21:43 PDT 2020","Fri May 08 06:21:43 PDT 2020","","","","3476","33% (1/3)","33% (1/3)","33% (1/3)","Chrome","true","true","false","false","true","false","false","false","true","false","false","false","true","2","Tue 05 May 05:59:18 PST 2020","664","14,14,15,14,14,16,16,16,15,15,17,13,18,14,17,16,16,15,13,12,14,11,16,13,15,14,15,12,14,13,14,9,12,12,12,19,12,13,12,11,14,14,14,13,15,17,17,13,16,16,15,15,15,14,14,","9,8,9,10,10,11,12,10,11,10,11,9,11,8,10,10,11,9,10,7,8,8,10,8,10,9,10,8,10,10,10,6,8,9,8,11,7,8,8,7,9,9,10,9,11,12,9,9,11,10,9,9,10,9,8,","pass","0.6668859288553503"
"33BFF6QPJ5CM9KUK93KTXJKBBVP3WC","3F3JD5CN1QYSKT8HP9LQEY5A3YBH0Y","Study on Picture Changes and Picture Quality","Use sliders to find when a picture changes and when the quality changes","image quality, image changes, slider","$0.50","Thu Apr 30 22:17:53 PDT 2020","117","BatchId:4017872;OriginalHitTemplateId:928390855;","7200","259200","Thu May 14 22:17:53 PDT 2020","","","39L1G8WVWUSWU3CB2H09SDP3S59312","A3LE6B5ITOGOZB","Approved","Fri May 01 04:01:16 PDT 2020","Fri May 01 04:09:29 PDT 2020","Mon May 04 04:09:29 PDT 2020","Sat May 02 15:00:34 PDT 2020","","","493","89% (25/28)","89% (25/28)","89% (25/28)","Chrome","false","true","false","false","true","false","false","false","true","false","false","false","true","1","Fri 01 May 04:01:51 PST 2020","5135","37,34,34,37,36,33,38,37,37,44,29,36,37,41,39,33,40,36,41,38,35,38,37,39,40,34,37,39,38,36,38,35,36,40,40,37,38,40,40,36,36,38,36,37,33,39,36,35,36,37,40,37,32,40,37,","26,28,27,30,31,26,33,31,31,38,23,28,28,33,33,26,34,27,32,32,29,31,29,33,34,27,31,32,31,28,33,27,30,33,34,28,29,34,32,29,28,32,28,30,27,33,29,30,31,30,33,28,26,34,29,","pass","0.7905694150420948"
"33BFF6QPJ5CM9KUK93KTXJKBBVP3WC","3F3JD5CN1QYSKT8HP9LQEY5A3YBH0Y","Study on Picture Changes and Picture Quality","Use sliders to find when a picture changes and when the quality changes","image quality, image changes, slider","$0.50","Thu Apr 30 22:17:53 PDT 2020","117","BatchId:4017872;OriginalHitTemplateId:928390855;","7200","259200","Thu May 14 22:17:53 PDT 2020","","","39LOEL67OW6E53WW129O7NCB6PP83T","A1G3UKFCYBTBKR","Submitted","Mon May 04 08:09:35 PDT 2020","Mon May 04 09:28:11 PDT 2020","Thu May 07 09:28:11 PDT 2020","","","","4716","67% (4/6)","67% (4/6)","33% (1/3)","Chrome","true","true","false","false","true","false","false","false","true","false","false","false","true","1","Mon 04 May 08:54:29 PST 2020","395","35,35,32,35,33,34,29,33,36,34,33,35,34,35,34,33,36,32,36,35,33,30,29,31,34,33,34,33,37,33,32,34,37,35,34,34,35,35,35,35,35,35,31,33,33,33,33,35,35,31,34,32,31,33,33,","22,24,21,22,19,22,18,20,24,21,20,21,23,25,22,19,23,19,23,21,20,19,17,20,20,21,21,21,21,21,22,24,26,22,24,23,25,23,23,21,21,21,18,21,19,20,21,26,20,19,22,22,18,18,20,","pass","0.5"
"33BFF6QPJ5CM9KUK93KTXJKBBVP3WC","3F3JD5CN1QYSKT8HP9LQEY5A3YBH0Y","Study on Picture Changes and Picture Quality","Use sliders to find when a picture changes and when the quality changes","image quality, image changes, slider","$0.50","Thu Apr 30 22:17:53 PDT 2020","117","BatchId:4017872;OriginalHitTemplateId:928390855;","7200","259200","Thu May 14 22:17:53 PDT 2020","","","3B837J3LDSXO7PW7QQGP6CFSOKZRSD","A2XML94E68133R","Rejected","Fri May 01 09:04:02 PDT 2020","Fri May 01 09:25:36 PDT 2020","Mon May 04 09:25:36 PDT 2020","","Sat May 02 21:30:07 PDT 2020","We have detected that you may have misinterpreted the instructions. Some of your values for the second slider are too low. They should indicate when the image's quality has dropped slightly. However, for some of your values for slider 2, the image quality has dropped by a noticeable amount.","1294","57% (8/14)","57% (8/14)","58% (7/12)","Chrome","true","true","false","false","true","false","false","false","true","false","false","false","true","1","Fri 01 May 09:05:16 PST 2020","5283","27,23,23,25,19,22,21,19,23,22,12,26,23,14,18,16,16,15,21,18,21,19,20,21,19,22,14,15,19,16,18,17,14,13,17,18,16,14,15,15,23,22,21,15,17,14,11,18,15,13,16,19,14,14,19,","12,9,12,13,9,10,10,10,11,12,7,14,12,7,9,8,9,8,9,9,10,10,11,11,10,9,8,8,10,8,9,8,8,7,8,9,8,7,7,7,11,11,11,8,9,8,6,9,8,7,8,9,7,8,9,","pass","0.8660254037844386"
"33BFF6QPJ5CM9KUK93KTXJKBBVP3WC","3F3JD5CN1QYSKT8HP9LQEY5A3YBH0Y","Study on Picture Changes and Picture Quality","Use sliders to find when a picture changes and when the quality changes","image quality, image changes, slider","$0.50","Thu Apr 30 22:17:53 PDT 2020","117","BatchId:4017872;OriginalHitTemplateId:928390855;","7200","259200","Thu May 14 22:17:53 PDT 2020","","","3B837J3LDSXO7PW7QQGP6CFSOLYRSE","A3URTE7GTIK2Q6","Approved","Fri May 01 13:08:44 PDT 2020","Fri May 01 13:21:57 PDT 2020","Mon May 04 13:21:57 PDT 2020","Sat May 02 21:31:43 PDT 2020","","","793","83% (5/6)","83% (5/6)","83% (5/6)","Chrome","true","true","false","false","true","false","false","false","true","false","false","false","true","1","Fri 01 May 13:09:21 PST 2020","5434","41,40,33,39,40,43,41,41,39,39,38,41,43,38,42,41,42,40,42,42,40,39,42,41,43,41,42,42,45,39,41,43,44,43,44,42,41,43,46,44,42,43,43,45,43,44,42,45,43,45,42,43,41,36,36,","34,33,27,31,35,35,35,35,32,34,30,37,38,30,37,36,38,36,36,36,32,31,37,36,36,33,36,33,38,33,36,36,40,39,39,36,35,36,39,38,36,37,36,39,40,40,38,41,38,39,39,39,38,30,34,","pass","0.7"
"33BFF6QPJ5CM9KUK93KTXJKBBVP3WC","3F3JD5CN1QYSKT8HP9LQEY5A3YBH0Y","Study on Picture Changes and Picture Quality","Use sliders to find when a picture changes and when the quality changes","image quality, image changes, slider","$0.50","Thu Apr 30 22:17:53 PDT 2020","117","BatchId:4017872;OriginalHitTemplateId:928390855;","7200","259200","Thu May 14 22:17:53 PDT 2020","","","3BDCF01OG1VA0DD3KCBI2MUUZLXYLF","A2BEBSKRACN0KA","Approved","Sat May 02 23:45:01 PDT 2020","Sun May 03 00:25:27 PDT 2020","Wed May 06 00:25:27 PDT 2020","Mon May 04 11:19:14 PDT 2020","","","2426","100% (17/17)","100% (15/15)","100% (2/2)","Chrome","false","true","false","false","true","false","false","false","true","false","false","false","true","1","Sat 02 May 23:46:10 PST 2020","96","23,23,24,27,26,22,23,26,24,24,35,33,38,26,31,29,26,44,27,29,28,34,26,22,27,32,24,27,24,25,24,25,25,21,23,25,24,27,20,21,21,24,23,25,35,21,20,26,26,27,35,21,21,28,25,","23,23,23,26,25,21,22,25,18,22,29,28,23,22,29,24,23,24,21,28,24,19,25,18,21,30,22,26,22,22,23,25,19,20,18,21,23,26,19,20,20,16,20,23,30,21,14,23,22,25,30,21,21,26,23,","pass","0.7"
"33BFF6QPJ5CM9KUK93KTXJKBBVP3WC","3F3JD5CN1QYSKT8HP9LQEY5A3YBH0Y","Study on Picture Changes and Picture Quality","Use sliders to find when a picture changes and when the quality changes","image quality, image changes, slider","$0.50","Thu Apr 30 22:17:53 PDT 2020","117","BatchId:4017872;OriginalHitTemplateId:928390855;","7200","259200","Thu May 14 22:17:53 PDT 2020","","","3DOCMVPBTRF6CECAPNIMYY0C05UNNZ","APSN3KV49VLKX","Submitted","Mon May 04 20:17:21 PDT 2020","Mon May 04 20:27:49 PDT 2020","Thu May 07 20:27:49 PDT 2020","","","","628","0% (0/1)","0% (0/0)","0% (0/0)","Chrome","false","true","false","false","true","false","false","false","true","false","false","false","true","1","Mon 04 May 20:18:14 PST 2020","569","33,32,33,35,31,34,34,30,29,32,35,35,33,30,36,32,35,31,28,34,32,32,32,32,32,33,37,32,35,32,34,33,31,29,32,26,34,31,33,33,31,31,28,37,32,27,33,31,28,32,33,33,33,37,35,","22,18,21,22,17,19,20,15,15,17,19,18,18,20,23,19,20,14,15,23,18,18,20,17,24,20,23,20,20,19,18,20,17,17,17,11,22,18,21,18,16,19,13,24,21,13,18,18,16,18,22,18,20,21,21,","pass","0.15389675281277312"
"33BFF6QPJ5CM9KUK93KTXJKBBVP3WC","3F3JD5CN1QYSKT8HP9LQEY5A3YBH0Y","Study on Picture Changes and Picture Quality","Use sliders to find when a picture changes and when the quality changes","image quality, image changes, slider","$0.50","Thu Apr 30 22:17:53 PDT 2020","117","BatchId:4017872;OriginalHitTemplateId:928390855;","7200","259200","Thu May 14 22:17:53 PDT 2020","","","3DQQ64TANKMW2TX1X3M1Y6IYTDVPWI","A2O1ZX5UADUX2M","Approved","Fri May 01 00:06:58 PDT 2020","Fri May 01 00:29:02 PDT 2020","Mon May 04 00:29:02 PDT 2020","Sat May 02 15:00:35 PDT 2020","","","1324","100% (1/1)","100% (1/1)","100% (1/1)","Chrome","false","true","false","false","true","false","false","false","true","false","false","false","true","1","Fri 01 May 00:13:35 PST 2020","5034","34,39,41,34,32,34,34,34,27,28,27,37,35,32,39,32,29,34,30,41,37,40,28,37,27,39,33,33,35,41,43,37,42,42,35,36,33,36,35,39,34,32,40,33,27,27,37,30,30,34,37,32,33,36,32,","19,27,35,23,29,23,27,25,17,18,14,27,26,19,24,24,19,23,19,33,29,32,19,29,18,26,25,23,33,34,34,29,32,31,29,28,25,26,29,30,27,29,25,21,23,23,26,25,29,29,33,25,26,31,25,","pass","0.7"
"33BFF6QPJ5CM9KUK93KTXJKBBVP3WC","3F3JD5CN1QYSKT8HP9LQEY5A3YBH0Y","Study on Picture Changes and Picture Quality","Use sliders to find when a picture changes and when the quality changes","image quality, image changes, slider","$0.50","Thu Apr 30 22:17:53 PDT 2020","117","BatchId:4017872;OriginalHitTemplateId:928390855;","7200","259200","Thu May 14 22:17:53 PDT 2020","","","3DZQRBDBSPGWONB5F0FTOECCIOOS3F","AIVN537V92RHI","Submitted","Tue May 05 07:09:30 PDT 2020","Tue May 05 07:30:03 PDT 2020","Fri May 08 07:30:03 PDT 2020","","","","1233","83% (5/6)","83% (5/6)","83% (5/6)","Chrome","false","true","false","false","true","false","false","false","true","false","false","false","true","1","Tue 05 May 07:10:24 PST 2020","681","24,24,21,22,24,26,21,24,27,23,18,21,23,23,24,30,23,23,22,21,25,18,24,25,27,24,25,22,24,21,17,17,18,18,26,19,21,28,29,23,21,25,26,27,29,25,28,27,32,31,26,24,27,25,29,","12,20,15,18,18,15,16,20,18,14,12,16,18,17,18,17,18,17,18,18,17,14,17,19,21,19,20,13,17,17,11,13,13,13,20,16,17,25,22,10,10,18,19,22,21,19,21,21,26,23,23,20,21,17,19,","pass","0.7181848464596079"
"33BFF6QPJ5CM9KUK93KTXJKBBVP3WC","3F3JD5CN1QYSKT8HP9LQEY5A3YBH0Y","Study on Picture Changes and Picture Quality","Use sliders to find when a picture changes and when the quality changes","image quality, image changes, slider","$0.50","Thu Apr 30 22:17:53 PDT 2020","117","BatchId:4017872;OriginalHitTemplateId:928390855;","7200","259200","Thu May 14 22:17:53 PDT 2020","","","3E1QT0TDFTATV6EFM5GBBTE0PUKI8B","A1H6KUY5RW63WL","Approved","Fri May 01 10:20:15 PDT 2020","Fri May 01 10:35:30 PDT 2020","Mon May 04 10:35:30 PDT 2020","Sat May 02 15:00:35 PDT 2020","","","915","94% (33/35)","94% (33/35)","100% (15/15)","Chrome","true","true","false","false","true","false","false","false","true","false","false","false","true","1","Fri 01 May 10:21:08 PST 2020","5330","26,31,33,32,38,26,25,25,27,26,34,30,26,26,25,26,23,28,26,23,24,24,25,28,19,24,30,26,25,29,25,24,27,29,26,25,28,26,27,24,23,23,25,24,25,31,21,25,22,34,37,31,22,27,24,","18,22,20,22,22,17,18,15,21,17,28,22,20,19,20,19,13,18,21,16,17,18,20,19,14,15,18,20,17,19,19,20,20,20,20,16,22,21,16,22,20,18,15,20,19,22,14,17,13,18,16,19,15,15,16,","pass","-0.15389675281277312"
"33BFF6QPJ5CM9KUK93KTXJKBBVP3WC","3F3JD5CN1QYSKT8HP9LQEY5A3YBH0Y","Study on Picture Changes and Picture Quality","Use sliders to find when a picture changes and when the quality changes","image quality, image changes, slider","$0.50","Thu Apr 30 22:17:53 PDT 2020","117","BatchId:4017872;OriginalHitTemplateId:928390855;","7200","259200","Thu May 14 22:17:53 PDT 2020","","","3E337GFOLD902MVO2J5R8ERFZA1NGI","A8EEMNO76XFSQ","Approved","Thu Apr 30 23:19:47 PDT 2020","Fri May 01 00:00:56 PDT 2020","Mon May 04 00:00:56 PDT 2020","Sat May 02 14:54:12 PDT 2020","","","2469","75% (3/4)","100% (3/3)","100% (3/3)","Chrome","true","true","false","false","true","false","false","false","true","false","false","false","true","1","Thu 30 Apr 23:54:22 PST 2020","5014","30,33,36,38,36,36,37,39,36,35,36,37,35,38,38,37,36,33,37,36,34,36,36,34,38,34,36,34,32,32,39,37,33,33,35,38,36,34,37,36,35,38,39,36,36,34,39,37,37,39,37,39,38,37,38,","17,20,23,24,20,23,25,26,23,20,22,24,22,25,24,23,21,20,23,22,21,22,23,21,25,21,22,21,20,21,26,26,20,20,22,23,22,20,23,22,23,27,27,24,25,25,27,27,25,27,23,26,29,21,25,","pass","0.5270462766947299"
"33BFF6QPJ5CM9KUK93KTXJKBBVP3WC","3F3JD5CN1QYSKT8HP9LQEY5A3YBH0Y","Study on Picture Changes and Picture Quality","Use sliders to find when a picture changes and when the quality changes","image quality, image changes, slider","$0.50","Thu Apr 30 22:17:53 PDT 2020","117","BatchId:4017872;OriginalHitTemplateId:928390855;","7200","259200","Thu May 14 22:17:53 PDT 2020","","","3ERET4BTVQAKF6NDR071O5OO19Y9KJ","A2DWSP7OXHO5OZ","Approved","Sat May 02 11:31:08 PDT 2020","Sat May 02 12:51:23 PDT 2020","Tue May 05 12:51:23 PDT 2020","Mon May 04 11:19:14 PDT 2020","","","4815","100% (1/1)","100% (1/1)","100% (1/1)","Chrome","false","true","false","false","true","false","false","false","true","false","false","false","true","2","Sat 02 May 12:26:35 PST 2020","5813","18,30,21,22,14,20,30,28,22,28,27,23,26,14,24,19,18,38,19,38,16,13,23,20,20,15,19,31,21,25,16,20,39,14,18,24,26,12,16,19,21,32,18,16,23,28,17,22,18,17,16,29,27,35,17,","11,27,17,14,10,17,27,23,14,24,23,23,20,13,23,19,18,27,15,31,15,13,14,17,20,11,18,31,18,25,16,20,25,9,13,21,23,12,12,13,21,22,13,16,22,18,17,16,13,12,14,19,20,23,14,","pass","0.9"
"33BFF6QPJ5CM9KUK93KTXJKBBVP3WC","3F3JD5CN1QYSKT8HP9LQEY5A3YBH0Y","Study on Picture Changes and Picture Quality","Use sliders to find when a picture changes and when the quality changes","image quality, image changes, slider","$0.50","Thu Apr 30 22:17:53 PDT 2020","117","BatchId:4017872;OriginalHitTemplateId:928390855;","7200","259200","Thu May 14 22:17:53 PDT 2020","","","3ERMJ6L4D2TBRBZNXFMXPMPMVOH7MM","A2F1RLHZ9Q2RJ7","Approved","Sat May 02 09:19:26 PDT 2020","Sat May 02 09:40:09 PDT 2020","Tue May 05 09:40:09 PDT 2020","Mon May 04 11:19:14 PDT 2020","","","1243","69% (20/29)","68% (19/28)","50% (6/12)","Chrome","true","true","false","false","true","false","false","false","true","false","false","false","true","1","Sat 02 May 09:21:40 PST 2020","5754","15,13,15,16,13,12,22,12,17,18,23,17,14,13,15,16,13,18,14,15,13,14,16,16,12,17,15,14,18,16,14,14,14,14,28,20,18,17,18,15,15,15,18,23,19,16,16,17,27,17,19,21,17,16,17,","11,8,11,10,9,9,17,9,12,14,19,13,11,9,10,11,10,12,10,9,8,11,11,10,8,12,11,11,14,11,11,10,11,11,23,16,13,13,11,10,11,11,13,16,13,12,10,13,23,13,13,14,11,11,11,","pass","0.5642880936468347"
"33BFF6QPJ5CM9KUK93KTXJKBBVP3WC","3F3JD5CN1QYSKT8HP9LQEY5A3YBH0Y","Study on Picture Changes and Picture Quality","Use sliders to find when a picture changes and when the quality changes","image quality, image changes, slider","$0.50","Thu Apr 30 22:17:53 PDT 2020","117","BatchId:4017872;OriginalHitTemplateId:928390855;","7200","259200","Thu May 14 22:17:53 PDT 2020","","","3F0BG9B9MTOBLSO1GIA8JHCT4TC7YJ","A3BHWR32XVJSXJ","Rejected","Fri May 01 10:19:04 PDT 2020","Fri May 01 10:23:57 PDT 2020","Mon May 04 10:23:57 PDT 2020","","Sat May 02 21:33:21 PDT 2020","We have detected that you were not taking the task seriously or you misinterpreted the instructions.","293","38% (10/26)","36% (9/25)","60% (3/5)","Chrome","true","true","false","false","true","false","false","false","true","false","false","false","true","1","Fri 01 May 10:19:48 PST 2020","5328","40,41,43,43,45,43,45,43,45,44,42,42,43,45,45,41,44,42,46,44,42,45,44,47,44,46,46,43,45,46,46,47,45,44,44,47,43,44,46,44,48,47,46,45,44,46,46,47,47,45,46,46,45,46,45,","34,33,34,37,40,38,38,35,37,35,35,38,38,39,33,37,37,34,41,37,36,39,39,42,38,40,41,38,40,40,38,37,38,37,36,38,36,40,39,39,42,42,37,38,36,37,38,42,40,37,41,40,40,40,40,","pass","0.6324555320336759"
"33BFF6QPJ5CM9KUK93KTXJKBBVP3WC","3F3JD5CN1QYSKT8HP9LQEY5A3YBH0Y","Study on Picture Changes and Picture Quality","Use sliders to find when a picture changes and when the quality changes","image quality, image changes, slider","$0.50","Thu Apr 30 22:17:53 PDT 2020","117","BatchId:4017872;OriginalHitTemplateId:928390855;","7200","259200","Thu May 14 22:17:53 PDT 2020","","","3F1567XTN066Q9L845RYKR0X0BL9QY","AC48V3SY797LK","Approved","Fri May 01 15:47:13 PDT 2020","Fri May 01 16:19:47 PDT 2020","Mon May 04 16:19:47 PDT 2020","Sat May 02 15:00:35 PDT 2020","","","1954","100% (1/1)","100% (1/1)","100% (1/1)","Chrome","false","true","false","false","true","false","false","false","true","false","false","false","true","1","Fri 01 May 15:54:56 PST 2020","5493","19,20,24,32,26,22,26,36,28,24,24,23,30,25,24,26,21,21,32,25,22,26,24,26,24,29,19,22,33,21,33,20,23,26,21,17,25,18,20,18,16,23,23,20,20,20,22,24,29,29,28,32,25,28,21,","16,17,16,26,19,18,18,29,22,23,18,18,26,22,20,22,18,15,20,20,19,22,19,22,16,18,14,16,29,19,28,15,19,23,16,15,16,15,17,15,11,20,21,18,18,16,19,21,26,25,24,28,22,24,18,","pass","0.35909242322980395"
"33BFF6QPJ5CM9KUK93KTXJKBBVP3WC","3F3JD5CN1QYSKT8HP9LQEY5A3YBH0Y","Study on Picture Changes and Picture Quality","Use sliders to find when a picture changes and when the quality changes","image quality, image changes, slider","$0.50","Thu Apr 30 22:17:53 PDT 2020","117","BatchId:4017872;OriginalHitTemplateId:928390855;","7200","259200","Thu May 14 22:17:53 PDT 2020","","","3FIUS151DZ3USUE2FFSWIUIIYYEGG2","A1I25A84DUJLI","Rejected","Thu Apr 30 23:06:32 PDT 2020","Thu Apr 30 23:29:51 PDT 2020","Sun May 03 23:29:51 PDT 2020","","Sat May 02 14:51:00 PDT 2020","We have detected that you were not taking the task seriously or you misinterpreted the instructions.","1399","76% (19/25)","71% (15/21)","58% (7/12)","Chrome","true","true","false","false","true","false","false","false","true","false","false","false","true","1","Thu 30 Apr 23:08:25 PST 2020","4963","27,30,29,31,31,29,30,31,30,29,28,30,31,28,28,28,29,27,28,30,29,29,31,31,29,31,31,30,29,31,29,31,30,30,30,32,30,31,29,30,27,34,29,30,30,30,32,32,31,29,27,27,29,29,29,","25,28,27,29,28,26,28,29,28,26,26,27,27,25,25,25,26,25,25,28,27,26,28,28,26,28,28,28,27,29,26,27,28,27,27,29,28,27,26,27,24,32,25,27,27,28,30,30,28,26,25,24,24,25,27,","pass","0.35909242322980395"
"33BFF6QPJ5CM9KUK93KTXJKBBVP3WC","3F3JD5CN1QYSKT8HP9LQEY5A3YBH0Y","Study on Picture Changes and Picture Quality","Use sliders to find when a picture changes and when the quality changes","image quality, image changes, slider","$0.50","Thu Apr 30 22:17:53 PDT 2020","117","BatchId:4017872;OriginalHitTemplateId:928390855;","7200","259200","Thu May 14 22:17:53 PDT 2020","","","3FPRZHYEP28CGFS99VKYZ1WJHAF3VS","A3JWCEGDOK8IXH","Rejected","Fri May 01 09:10:50 PDT 2020","Fri May 01 09:24:29 PDT 2020","Mon May 04 09:24:29 PDT 2020","","Sat May 02 21:34:02 PDT 2020","We have detected that you may have misinterpreted the instructions. Some of your values for the second slider are too low. They should indicate when the image's quality has dropped slightly. However, for some of your values for slider 2, the image quality has dropped significantly.","819","86% (31/36)","84% (26/31)","64% (9/14)","Chrome","true","true","false","false","true","false","false","false","true","false","false","false","true","1","Fri 01 May 09:11:34 PST 2020","5288","14,15,15,13,13,16,14,14,14,13,13,14,15,16,16,12,14,13,13,10,14,16,14,13,14,13,12,10,11,10,9,13,13,12,14,15,13,13,12,15,10,15,14,10,12,13,14,14,16,13,12,12,9,13,16,","11,12,12,7,9,12,9,9,10,8,9,11,11,11,12,9,8,9,9,7,10,12,9,8,10,9,9,7,8,6,6,10,9,9,11,10,10,10,9,9,7,11,10,7,7,9,9,10,11,7,7,9,6,9,12,","pass","0.6324555320336759"
"33BFF6QPJ5CM9KUK93KTXJKBBVP3WC","3F3JD5CN1QYSKT8HP9LQEY5A3YBH0Y","Study on Picture Changes and Picture Quality","Use sliders to find when a picture changes and when the quality changes","image quality, image changes, slider","$0.50","Thu Apr 30 22:17:53 PDT 2020","117","BatchId:4017872;OriginalHitTemplateId:928390855;","7200","259200","Thu May 14 22:17:53 PDT 2020","","","3FQ5JJ512PP548R7SAQ666J86WTNK6","A1H5EWQBM25IWW","Approved","Fri May 01 21:40:02 PDT 2020","Fri May 01 22:32:43 PDT 2020","Mon May 04 22:32:43 PDT 2020","Sat May 02 15:00:35 PDT 2020","","","3161","100% (1/1)","100% (1/1)","100% (1/1)","Chrome","true","true","false","false","true","false","false","false","true","false","false","false","true","1","Fri 01 May 21:43:04 PST 2020","5579","27,31,41,36,35,36,36,38,36,33,34,39,29,29,35,36,32,35,39,37,36,36,38,38,36,33,32,38,39,35,37,34,40,38,37,37,40,37,36,40,36,37,39,35,36,36,41,41,40,38,40,38,40,39,37,","8,19,29,18,24,25,26,27,27,24,24,21,15,15,21,25,24,21,26,27,23,25,25,29,27,20,22,29,29,26,27,25,30,27,28,26,29,27,27,31,27,26,28,26,25,27,33,32,32,28,29,29,32,28,28,","pass","0.4"
"33BFF6QPJ5CM9KUK93KTXJKBBVP3WC","3F3JD5CN1QYSKT8HP9LQEY5A3YBH0Y","Study on Picture Changes and Picture Quality","Use sliders to find when a picture changes and when the quality changes","image quality, image changes, slider","$0.50","Thu Apr 30 22:17:53 PDT 2020","117","BatchId:4017872;OriginalHitTemplateId:928390855;","7200","259200","Thu May 14 22:17:53 PDT 2020","","","3GU1KF0O4M24EQZQ2CQ5BS5DJFGBPX","A1ESKJFDQUMBL4","Approved","Fri May 01 12:03:10 PDT 2020","Fri May 01 12:19:11 PDT 2020","Mon May 04 12:19:11 PDT 2020","Sat May 02 15:00:35 PDT 2020","","","961","97% (37/38)","97% (33/34)","93% (14/15)","Chrome","false","true","false","false","true","false","false","false","true","false","false","false","true","1","Fri 01 May 12:07:51 PST 2020","5399","42,39,37,35,35,39,39,33,38,37,32,33,36,32,37,38,35,36,36,37,35,35,35,32,34,38,36,38,40,39,37,35,31,37,37,36,35,37,36,38,32,34,32,36,35,41,38,40,40,39,39,39,41,38,36,","33,30,30,25,26,32,31,24,35,30,25,25,26,23,28,29,29,30,29,30,28,27,27,24,27,30,31,32,35,31,30,28,24,29,29,24,27,31,30,30,25,27,24,28,29,34,30,34,30,30,28,34,33,30,27,","pass","0.8"
"33BFF6QPJ5CM9KUK93KTXJKBBVP3WC","3F3JD5CN1QYSKT8HP9LQEY5A3YBH0Y","Study on Picture Changes and Picture Quality","Use sliders to find when a picture changes and when the quality changes","image quality, image changes, slider","$0.50","Thu Apr 30 22:17:53 PDT 2020","117","BatchId:4017872;OriginalHitTemplateId:928390855;","7200","259200","Thu May 14 22:17:53 PDT 2020","","","3HHRAGRYXC635X8SPSZUVM5XLRZ9OK","A8SHMEIEBI27Y","Submitted","Tue May 05 07:28:41 PDT 2020","Tue May 05 08:47:54 PDT 2020","Fri May 08 08:47:54 PDT 2020","","","","4753","100% (6/6)","100% (6/6)","100% (4/4)","Chrome","true","true","false","false","true","false","false","false","true","false","false","false","true","1","Tue 05 May 08:41:37 PST 2020","704","42,45,43,46,45,43,40,43,46,44,45,47,47,45,45,46,47,44,44,44,45,42,44,44,45,45,44,43,43,44,44,44,46,45,45,45,44,43,41,43,43,42,43,43,45,44,43,42,45,43,44,41,45,43,45,","34,39,38,40,40,37,35,40,41,38,39,43,43,39,38,43,40,39,37,38,39,35,39,37,39,40,39,37,39,38,35,41,41,42,39,41,38,36,35,37,36,35,38,38,40,38,37,34,40,35,36,36,41,35,39,","pass","-0.41039134083406165"
"33BFF6QPJ5CM9KUK93KTXJKBBVP3WC","3F3JD5CN1QYSKT8HP9LQEY5A3YBH0Y","Study on Picture Changes and Picture Quality","Use sliders to find when a picture changes and when the quality changes","image quality, image changes, slider","$0.50","Thu Apr 30 22:17:53 PDT 2020","117","BatchId:4017872;OriginalHitTemplateId:928390855;","7200","259200","Thu May 14 22:17:53 PDT 2020","","","3HWRJOOET93ZYLR24KWP75G99Y2SE0","AFX9OZR3P3C45","Approved","Fri May 01 20:52:38 PDT 2020","Fri May 01 21:06:08 PDT 2020","Mon May 04 21:06:08 PDT 2020","Sat May 02 21:34:14 PDT 2020","","","810","88% (14/16)","88% (14/16)","88% (14/16)","Chrome","true","true","false","false","true","false","false","false","true","false","false","false","true","1","Fri 01 May 20:54:32 PST 2020","5563","19,25,23,22,20,22,23,20,22,24,23,23,25,23,21,24,24,20,21,26,26,24,22,22,25,23,25,23,25,25,22,27,29,26,25,24,18,24,28,21,24,25,25,23,27,26,24,24,26,27,24,31,25,30,26,","12,15,16,15,15,14,16,13,15,16,16,16,16,13,14,16,15,16,16,19,18,16,14,16,18,18,15,13,18,17,18,20,17,19,17,19,15,18,19,16,18,14,21,18,17,18,20,20,19,18,18,19,19,24,19,","pass","0.7"
"33BFF6QPJ5CM9KUK93KTXJKBBVP3WC","3F3JD5CN1QYSKT8HP9LQEY5A3YBH0Y","Study on Picture Changes and Picture Quality","Use sliders to find when a picture changes and when the quality changes","image quality, image changes, slider","$0.50","Thu Apr 30 22:17:53 PDT 2020","117","BatchId:4017872;OriginalHitTemplateId:928390855;","7200","259200","Thu May 14 22:17:53 PDT 2020","","","3HYA4D452VKYZ0A05G1PY5O5N11F2D","A2F00J61V5RIUK","Approved","Fri May 01 06:07:25 PDT 2020","Fri May 01 06:15:45 PDT 2020","Mon May 04 06:15:45 PDT 2020","Sat May 02 21:34:50 PDT 2020","","","500","93% (13/14)","92% (12/13)","67% (2/3)","Chrome","true","true","false","false","true","false","false","false","true","false","false","false","true","1","Fri 01 May 06:08:21 PST 2020","5200","43,37,41,38,39,39,39,38,38,37,35,38,37,35,36,38,33,31,40,38,39,34,35,29,37,41,41,38,39,36,30,36,38,36,40,35,36,37,38,36,34,38,36,37,39,34,38,37,36,37,39,39,36,39,32,","31,25,28,26,25,31,25,19,26,18,23,19,20,22,19,22,22,19,25,22,22,17,21,13,26,28,30,21,24,12,17,20,23,19,26,16,17,23,23,23,25,21,21,25,25,23,25,23,26,26,27,26,21,21,17,","pass","0.6668859288553503"
"33BFF6QPJ5CM9KUK93KTXJKBBVP3WC","3F3JD5CN1QYSKT8HP9LQEY5A3YBH0Y","Study on Picture Changes and Picture Quality","Use sliders to find when a picture changes and when the quality changes","image quality, image changes, slider","$0.50","Thu Apr 30 22:17:53 PDT 2020","117","BatchId:4017872;OriginalHitTemplateId:928390855;","7200","259200","Thu May 14 22:17:53 PDT 2020","","","3IXQG4FA2XZJM3JJLNU8P25YEE89BG","A1HMRZYX0MXA9Y","Rejected","Sat May 02 06:26:57 PDT 2020","Sat May 02 06:57:52 PDT 2020","Tue May 05 06:57:52 PDT 2020","","Mon May 04 11:24:57 PDT 2020","We have detected that you were not taking the task seriously or you misinterpreted the instructions.","1855","92% (24/26)","92% (24/26)","88% (7/8)","Chrome","true","true","false","false","true","false","false","false","true","false","false","false","true","1","Sat 02 May 06:29:49 PST 2020","5685","31,26,30,31,32,29,28,27,28,32,30,30,32,29,31,33,36,34,28,33,33,32,31,31,32,32,31,29,32,33,32,30,31,30,33,32,28,34,30,31,31,31,30,33,32,31,32,32,33,32,33,34,31,31,33,","21,17,19,20,23,22,19,19,18,19,21,21,22,20,20,21,25,24,20,22,20,20,19,19,20,20,19,20,22,21,19,20,19,18,21,19,19,21,21,20,19,18,19,21,21,19,20,20,21,19,22,19,19,19,20,","pass","0.5270462766947299"
"33BFF6QPJ5CM9KUK93KTXJKBBVP3WC","3F3JD5CN1QYSKT8HP9LQEY5A3YBH0Y","Study on Picture Changes and Picture Quality","Use sliders to find when a picture changes and when the quality changes","image quality, image changes, slider","$0.50","Thu Apr 30 22:17:53 PDT 2020","117","BatchId:4017872;OriginalHitTemplateId:928390855;","7200","259200","Thu May 14 22:17:53 PDT 2020","","","3J2UYBXQQPDVKXEBP0U7LBIDX43606","A9QRQL9CFJBI7","Approved","Fri May 01 03:27:07 PDT 2020","Fri May 01 03:36:42 PDT 2020","Mon May 04 03:36:42 PDT 2020","Sat May 02 15:00:35 PDT 2020","","","575","92% (34/37)","91% (31/34)","80% (12/15)","Chrome","false","true","false","false","true","false","false","false","true","false","false","false","true","1","Fri 01 May 03:28:07 PST 2020","5121","22,25,29,25,28,33,26,29,30,31,26,21,28,30,29,28,27,24,30,33,27,27,28,22,27,27,29,34,27,35,31,29,28,27,26,32,32,31,30,30,26,36,30,28,31,32,33,27,27,29,28,31,34,30,34,","11,16,16,15,17,23,15,12,18,13,10,13,18,16,18,13,14,10,16,18,12,18,18,15,20,15,19,19,12,21,18,17,17,16,15,19,19,19,18,20,16,24,11,14,20,15,17,17,12,19,16,12,22,20,21,","pass","-0.2"
"33BFF6QPJ5CM9KUK93KTXJKBBVP3WC","3F3JD5CN1QYSKT8HP9LQEY5A3YBH0Y","Study on Picture Changes and Picture Quality","Use sliders to find when a picture changes and when the quality changes","image quality, image changes, slider","$0.50","Thu Apr 30 22:17:53 PDT 2020","117","BatchId:4017872;OriginalHitTemplateId:928390855;","7200","259200","Thu May 14 22:17:53 PDT 2020","","","3JC6VJ2SAFKV26CFCJHVIBGQAUL5AV","AI1MC97UIWMXQ","Rejected","Thu Apr 30 22:19:44 PDT 2020","Thu Apr 30 23:16:22 PDT 2020","Sun May 03 23:16:22 PDT 2020","","Sat May 02 14:51:00 PDT 2020","We have detected that you were not taking the task seriously or you misinterpreted the instructions.","3398","75% (3/4)","75% (3/4)","75% (3/4)","Chrome","true","true","false","false","true","false","false","false","true","false","false","false","true","1","Thu 30 Apr 23:01:17 PST 2020","4954","36,24,34,40,39,32,28,35,40,33,36,38,35,37,34,39,43,43,38,42,43,43,39,39,45,37,39,40,44,44,43,39,41,43,42,38,42,42,43,43,42,41,40,42,42,42,44,45,44,42,42,41,43,42,42,","24,17,27,33,33,25,20,24,28,22,30,30,22,29,25,33,37,38,33,36,37,37,32,32,35,28,32,32,38,36,36,33,35,38,35,33,37,37,36,37,36,32,35,36,38,35,40,37,39,31,36,34,35,35,36,","pass","0.6"
"33BFF6QPJ5CM9KUK93KTXJKBBVP3WC","3F3JD5CN1QYSKT8HP9LQEY5A3YBH0Y","Study on Picture Changes and Picture Quality","Use sliders to find when a picture changes and when the quality changes","image quality, image changes, slider","$0.50","Thu Apr 30 22:17:53 PDT 2020","117","BatchId:4017872;OriginalHitTemplateId:928390855;","7200","259200","Thu May 14 22:17:53 PDT 2020","","","3JRJSWSMQLMVE46NE5VOZX8XHOTE3W","A1ZIFCPLXO0MR8","Approved","Sun May 03 16:01:18 PDT 2020","Sun May 03 16:23:41 PDT 2020","Wed May 06 16:23:41 PDT 2020","Tue May 05 09:42:30 PDT 2020","","","1343","100% (1/1)","100% (1/1)","100% (1/1)","Chrome","false","true","false","false","true","false","false","false","true","false","false","false","true","1","Sun 03 May 16:03:28 PST 2020","251","40,38,35,36,35,33,37,35,36,42,33,34,34,35,39,38,41,42,40,36,42,34,38,37,40,38,31,35,38,41,40,35,38,34,36,38,37,39,40,38,43,41,43,41,38,38,41,39,38,38,40,36,41,42,42,","30,26,24,20,23,24,22,24,21,31,24,23,25,28,25,26,30,29,33,26,27,23,24,24,30,26,23,22,31,30,26,29,31,22,24,29,26,27,31,28,29,27,35,32,26,30,31,24,27,29,27,24,32,31,31,","pass","0.9"
"33BFF6QPJ5CM9KUK93KTXJKBBVP3WC","3F3JD5CN1QYSKT8HP9LQEY5A3YBH0Y","Study on Picture Changes and Picture Quality","Use sliders to find when a picture changes and when the quality changes","image quality, image changes, slider","$0.50","Thu Apr 30 22:17:53 PDT 2020","117","BatchId:4017872;OriginalHitTemplateId:928390855;","7200","259200","Thu May 14 22:17:53 PDT 2020","","","3JZQSN0I3UBOEUI74VME09I6XS8FGE","A1A64MP30CMX97","Approved","Sat May 02 20:29:35 PDT 2020","Sat May 02 21:19:26 PDT 2020","Tue May 05 21:19:26 PDT 2020","Mon May 04 11:19:14 PDT 2020","","","2991","100% (1/1)","100% (1/1)","100% (1/1)","Chrome","true","true","false","false","true","false","false","false","true","false","false","false","true","1","Sat 02 May 20:38:04 PST 2020","67","32,21,40,13,34,18,16,10,16,20,10,17,30,23,27,25,22,33,27,26,16,25,23,18,15,30,34,15,23,16,25,14,41,27,24,41,23,27,31,31,18,37,36,30,31,24,17,28,42,30,21,36,20,17,27,","24,17,28,10,28,14,13,8,14,18,9,14,16,18,21,21,18,29,15,17,13,23,18,14,13,20,29,11,20,12,19,11,32,20,20,32,21,22,27,25,11,17,28,21,26,20,12,23,37,23,17,33,17,11,22,","pass","0.9"
"33BFF6QPJ5CM9KUK93KTXJKBBVP3WC","3F3JD5CN1QYSKT8HP9LQEY5A3YBH0Y","Study on Picture Changes and Picture Quality","Use sliders to find when a picture changes and when the quality changes","image quality, image changes, slider","$0.50","Thu Apr 30 22:17:53 PDT 2020","117","BatchId:4017872;OriginalHitTemplateId:928390855;","7200","259200","Thu May 14 22:17:53 PDT 2020","","","3KJYX6QCMDCN1TUYCGCLF8D8D6BVJ4","A27HUIHPV6D0VM","Rejected","Fri May 01 06:11:41 PDT 2020","Fri May 01 06:36:03 PDT 2020","Mon May 04 06:36:03 PDT 2020","","Sat May 02 21:35:06 PDT 2020","We have detected that you may have misinterpreted the instructions. Some of your values for the second slider are too low. They should indicate when the image's quality has dropped slightly. However, for some of your values for slider 2, the image quality has dropped significantly.","1462","77% (10/13)","77% (10/13)","60% (3/5)","Chrome","true","true","false","false","true","false","false","false","true","false","false","false","true","1","Fri 01 May 06:14:23 PST 2020","5205","18,13,23,18,15,7,18,16,13,21,18,16,17,13,13,15,20,15,20,29,28,25,17,18,35,24,27,21,18,22,18,32,24,23,20,25,21,24,20,22,14,22,17,20,16,19,13,24,22,17,15,11,11,19,14,","12,12,11,13,6,6,10,12,6,12,9,7,10,10,10,9,13,8,9,21,12,14,11,6,23,15,21,8,10,14,9,25,16,17,19,17,14,16,15,13,12,16,9,13,8,13,11,16,17,6,6,9,9,15,11,","pass","0.9"
"33BFF6QPJ5CM9KUK93KTXJKBBVP3WC","3F3JD5CN1QYSKT8HP9LQEY5A3YBH0Y","Study on Picture Changes and Picture Quality","Use sliders to find when a picture changes and when the quality changes","image quality, image changes, slider","$0.50","Thu Apr 30 22:17:53 PDT 2020","117","BatchId:4017872;OriginalHitTemplateId:928390855;","7200","259200","Thu May 14 22:17:53 PDT 2020","","","3KMS4QQVK6RTGGEQUM7TY1AZ42TKFC","A2D4C1MSFJ4EOS","Rejected","Fri May 01 11:04:45 PDT 2020","Fri May 01 11:22:02 PDT 2020","Mon May 04 11:22:02 PDT 2020","","Sat May 02 21:35:28 PDT 2020","We have detected that you were not taking the task seriously or you misinterpreted the instructions.","1037","86% (24/28)","86% (24/28)","69% (9/13)","Chrome","true","true","false","false","true","false","false","false","true","false","false","false","true","2","Fri 01 May 11:07:50 PST 2020","5369","34,35,35,34,37,36,36,37,35,35,35,36,36,35,37,37,33,37,35,34,35,36,35,35,34,34,34,35,35,36,35,37,37,35,34,34,36,36,35,36,34,34,33,35,36,36,37,35,36,37,35,37,34,34,36,","23,23,24,23,24,25,23,27,25,21,23,24,23,23,26,26,24,25,23,23,23,24,27,24,23,24,23,25,25,25,23,31,25,25,23,24,24,24,25,25,22,21,21,25,27,25,26,25,24,25,25,24,21,22,25,","pass","0.5270462766947299"
"33BFF6QPJ5CM9KUK93KTXJKBBVP3WC","3F3JD5CN1QYSKT8HP9LQEY5A3YBH0Y","Study on Picture Changes and Picture Quality","Use sliders to find when a picture changes and when the quality changes","image quality, image changes, slider","$0.50","Thu Apr 30 22:17:53 PDT 2020","117","BatchId:4017872;OriginalHitTemplateId:928390855;","7200","259200","Thu May 14 22:17:53 PDT 2020","","","3KMS4QQVK6RTGGEQUM7TY1AZ4LDFKT","A11ATX2UK7V2OY","Submitted","Tue May 05 10:02:24 PDT 2020","Tue May 05 10:45:48 PDT 2020","Fri May 08 10:45:48 PDT 2020","","","","2604","0% (0/0)","0% (0/0)","0% (0/0)","Chrome","true","true","false","false","true","false","false","false","true","false","false","false","true","1","Tue 05 May 10:38:01 PST 2020","731","38,35,36,33,34,34,32,34,34,33,33,36,37,36,35,37,38,36,33,35,35,34,35,37,37,39,37,34,36,37,36,37,37,37,37,35,37,35,37,36,36,36,35,40,39,37,38,39,39,39,38,40,35,37,37,","38,35,36,33,34,34,32,34,34,33,33,36,37,36,35,37,38,36,33,35,35,34,35,37,37,39,37,34,36,37,36,37,37,37,37,35,37,35,37,36,36,36,35,40,39,37,38,39,38,39,38,40,35,37,37,","pass","0.5773502691896257"
"33BFF6QPJ5CM9KUK93KTXJKBBVP3WC","3F3JD5CN1QYSKT8HP9LQEY5A3YBH0Y","Study on Picture Changes and Picture Quality","Use sliders to find when a picture changes and when the quality changes","image quality, image changes, slider","$0.50","Thu Apr 30 22:17:53 PDT 2020","117","BatchId:4017872;OriginalHitTemplateId:928390855;","7200","259200","Thu May 14 22:17:53 PDT 2020","","","3LJ7UR74RLEKQ6247I3QZPUC9I9N42","AXJ7SPFP2WWS5","Approved","Sun May 03 20:11:45 PDT 2020","Sun May 03 20:18:59 PDT 2020","Wed May 06 20:18:59 PDT 2020","Tue May 05 09:42:30 PDT 2020","","","434","91% (30/33)","90% (27/30)","77% (10/13)","Firefox","true","true","false","false","true","false","false","false","true","false","false","false","true","1","Sun 03 May 20:18:06 PST 2020","283","41,40,40,41,43,44,17,39,35,41,41,18,38,35,36,40,36,38,22,40,37,40,36,36,40,36,39,35,41,34,37,30,40,31,36,40,40,36,37,35,39,36,38,39,37,38,40,37,39,38,34,39,39,36,41,","35,36,36,36,39,40,14,36,32,37,34,15,35,28,32,33,31,31,16,35,32,33,31,31,36,31,34,30,35,29,31,27,35,28,32,35,35,33,30,31,33,30,32,34,30,30,35,32,33,33,30,34,34,31,37,","pass","0.9"
"33BFF6QPJ5CM9KUK93KTXJKBBVP3WC","3F3JD5CN1QYSKT8HP9LQEY5A3YBH0Y","Study on Picture Changes and Picture Quality","Use sliders to find when a picture changes and when the quality changes","image quality, image changes, slider","$0.50","Thu Apr 30 22:17:53 PDT 2020","117","BatchId:4017872;OriginalHitTemplateId:928390855;","7200","259200","Thu May 14 22:17:53 PDT 2020","","","3M0NZ3JDP5ZW3EKNOBXUZ47ZJZV5Z3","A4C9NL2GYOG0A","Submitted","Tue May 05 08:24:45 PDT 2020","Tue May 05 08:48:48 PDT 2020","Fri May 08 08:48:48 PDT 2020","","","","1443","0% (0/0)","0% (0/0)","0% (0/0)","Chrome","true","true","false","false","true","false","false","false","true","false","false","false","true","1","Tue 05 May 08:29:11 PST 2020","699","36,12,25,33,43,28,28,33,27,32,35,29,28,33,35,31,26,21,26,38,34,33,32,30,29,41,31,32,34,40,32,15,25,35,38,33,35,32,37,36,28,34,32,34,41,28,34,35,28,31,30,25,31,24,39,","17,5,8,11,12,11,7,24,13,10,16,9,11,15,16,11,10,12,11,21,25,19,24,11,12,15,19,15,20,23,15,5,10,13,26,14,25,18,19,15,13,28,15,12,31,9,21,19,17,20,5,14,11,15,15,","pass","0.8"
"33BFF6QPJ5CM9KUK93KTXJKBBVP3WC","3F3JD5CN1QYSKT8HP9LQEY5A3YBH0Y","Study on Picture Changes and Picture Quality","Use sliders to find when a picture changes and when the quality changes","image quality, image changes, slider","$0.50","Thu Apr 30 22:17:53 PDT 2020","117","BatchId:4017872;OriginalHitTemplateId:928390855;","7200","259200","Thu May 14 22:17:53 PDT 2020","","","3M68NM076L8JKRYAJDDM57J06CUR6H","A25322LEAGNXQ","Submitted","Mon May 04 20:24:10 PDT 2020","Mon May 04 20:32:55 PDT 2020","Thu May 07 20:32:55 PDT 2020","","","","525","50% (1/2)","50% (1/2)","50% (1/2)","Chrome","true","true","false","false","true","false","false","false","true","false","false","false","true","1","Mon 04 May 20:24:49 PST 2020","573","25,19,27,25,25,25,36,24,16,25,28,26,33,18,21,35,26,27,26,26,20,22,22,23,21,22,19,25,33,22,21,27,31,33,23,24,31,24,23,26,27,30,21,15,23,21,25,25,29,34,23,29,31,30,26,","14,12,16,15,12,14,30,17,12,12,18,20,28,10,16,30,21,16,18,17,16,14,15,17,12,15,12,19,29,12,16,21,21,24,14,19,20,13,19,21,16,17,12,8,14,10,12,18,18,29,17,17,10,15,14,","pass","0.6668859288553503"
"33BFF6QPJ5CM9KUK93KTXJKBBVP3WC","3F3JD5CN1QYSKT8HP9LQEY5A3YBH0Y","Study on Picture Changes and Picture Quality","Use sliders to find when a picture changes and when the quality changes","image quality, image changes, slider","$0.50","Thu Apr 30 22:17:53 PDT 2020","117","BatchId:4017872;OriginalHitTemplateId:928390855;","7200","259200","Thu May 14 22:17:53 PDT 2020","","","3MHW492WW4ED210JFDPDV05PH2SVMY","A1U9ISEEWZK6D0","Rejected","Fri May 01 13:00:24 PDT 2020","Fri May 01 13:04:56 PDT 2020","Mon May 04 13:04:56 PDT 2020","","Sat May 02 15:01:05 PDT 2020","We have detected that you were not taking the task seriously or you misinterpreted the instructions.","272","83% (10/12)","83% (10/12)","82% (9/11)","Chrome","false","true","false","false","true","false","false","false","true","false","false","false","true","1","Fri 01 May 13:01:18 PST 2020","5428","41,33,40,29,34,33,41,36,41,21,34,25,39,31,40,32,40,39,41,38,36,32,39,34,34,34,41,30,38,40,33,34,41,37,36,36,37,38,41,37,36,37,36,41,36,37,40,41,37,42,37,37,34,39,38,","28,18,28,17,20,20,26,18,27,12,18,12,27,20,22,16,25,25,26,27,19,19,25,21,21,21,27,20,20,23,24,23,19,16,20,16,18,21,25,18,19,23,19,26,23,25,24,24,18,28,21,21,21,20,26,","pass","0.20519567041703082"
"33BFF6QPJ5CM9KUK93KTXJKBBVP3WC","3F3JD5CN1QYSKT8HP9LQEY5A3YBH0Y","Study on Picture Changes and Picture Quality","Use sliders to find when a picture changes and when the quality changes","image quality, image changes, slider","$0.50","Thu Apr 30 22:17:53 PDT 2020","117","BatchId:4017872;OriginalHitTemplateId:928390855;","7200","259200","Thu May 14 22:17:53 PDT 2020","","","3N1FSUEFL91B4UBRIOPN3KIIV6ZD4M","A2T6XDKASM3ZEU","Approved","Fri May 01 21:08:12 PDT 2020","Fri May 01 21:14:18 PDT 2020","Mon May 04 21:14:18 PDT 2020","Sat May 02 21:47:03 PDT 2020","","","366","74% (17/23)","74% (17/23)","58% (7/12)","Chrome","true","true","false","false","true","false","false","false","true","false","false","false","true","1","Fri 01 May 21:02:36 PST 2020","5565","43,44,42,45,45,42,45,43,44,43,44,43,42,41,42,45,46,41,41,46,45,43,46,41,45,43,45,44,43,40,42,42,44,43,41,44,40,42,43,44,42,44,47,45,42,39,43,40,41,44,45,43,44,40,42,","37,38,36,40,37,35,37,35,38,37,39,36,36,35,37,37,37,35,36,41,39,38,40,35,40,37,39,40,40,32,38,36,40,35,35,37,37,38,36,38,36,39,39,37,40,31,36,34,34,38,40,39,39,35,35,","pass","0.22360679774997896"
"33BFF6QPJ5CM9KUK93KTXJKBBVP3WC","3F3JD5CN1QYSKT8HP9LQEY5A3YBH0Y","Study on Picture Changes and Picture Quality","Use sliders to find when a picture changes and when the quality changes","image quality, image changes, slider","$0.50","Thu Apr 30 22:17:53 PDT 2020","117","BatchId:4017872;OriginalHitTemplateId:928390855;","7200","259200","Thu May 14 22:17:53 PDT 2020","","","3NC5L260MSNC67Z5SEZM5IR8O6GOFB","A2JO52BHJMCRD8","Approved","Fri May 01 01:15:18 PDT 2020","Fri May 01 01:24:00 PDT 2020","Mon May 04 01:24:00 PDT 2020","Sat May 02 15:00:36 PDT 2020","","","522","87% (13/15)","93% (13/14)","93% (13/14)","Chrome","true","true","false","false","true","false","false","false","true","false","false","false","true","1","Fri 01 May 01:17:53 PST 2020","5063","31,30,25,27,28,31,24,29,30,26,29,28,28,29,30,27,32,27,28,26,27,32,24,32,29,35,30,31,36,31,36,32,31,30,27,29,31,28,27,27,26,26,30,31,26,25,29,21,28,27,23,28,24,28,32,","15,13,11,12,12,15,9,11,9,12,10,8,11,9,14,9,10,8,9,10,9,13,11,14,12,14,9,15,20,14,18,14,13,9,10,13,14,11,12,11,10,10,10,12,11,10,9,7,9,12,13,12,13,10,12,","pass","0.5642880936468347"
"33BFF6QPJ5CM9KUK93KTXJKBBVP3WC","3F3JD5CN1QYSKT8HP9LQEY5A3YBH0Y","Study on Picture Changes and Picture Quality","Use sliders to find when a picture changes and when the quality changes","image quality, image changes, slider","$0.50","Thu Apr 30 22:17:53 PDT 2020","117","BatchId:4017872;OriginalHitTemplateId:928390855;","7200","259200","Thu May 14 22:17:53 PDT 2020","","","3NGI5ARFTX631SHY0FXG5GS4XHHP1C","ACCBERAFKB2O7","Submitted","Mon May 04 14:19:06 PDT 2020","Mon May 04 14:37:01 PDT 2020","Thu May 07 14:37:01 PDT 2020","","","","1075","100% (3/3)","100% (3/3)","100% (3/3)","Firefox","false","true","false","false","true","false","false","false","true","false","false","false","true","1","Mon 04 May 14:20:01 PST 2020","503","21,19,23,27,25,23,25,25,27,21,24,25,19,18,22,20,18,19,17,20,21,23,24,21,22,27,25,24,24,20,20,19,23,22,21,22,20,16,18,20,19,22,19,22,20,26,26,23,19,22,25,21,19,17,21,","18,16,20,24,16,18,21,22,19,17,22,17,18,17,18,17,14,18,15,17,18,19,21,19,21,20,18,21,22,17,16,16,18,19,19,15,15,12,14,14,17,17,16,20,15,22,24,19,16,18,19,17,16,15,19,","pass","0.9"
"33BFF6QPJ5CM9KUK93KTXJKBBVP3WC","3F3JD5CN1QYSKT8HP9LQEY5A3YBH0Y","Study on Picture Changes and Picture Quality","Use sliders to find when a picture changes and when the quality changes","image quality, image changes, slider","$0.50","Thu Apr 30 22:17:53 PDT 2020","117","BatchId:4017872;OriginalHitTemplateId:928390855;","7200","259200","Thu May 14 22:17:53 PDT 2020","","","3NJM2BJS407NOVRWGCM0MCBV17NPC3","AMHG19RDLM2HU","Approved","Sun May 03 03:40:34 PDT 2020","Sun May 03 03:48:54 PDT 2020","Wed May 06 03:48:54 PDT 2020","Tue May 05 09:42:30 PDT 2020","","","500","100% (1/1)","100% (1/1)","100% (1/1)","Firefox","false","true","false","false","true","false","false","false","true","false","false","false","true","1","Sun 03 May 03:41:32 PST 2020","117","27,31,27,28,29,34,29,27,22,26,27,28,24,24,28,29,28,30,28,29,33,35,25,28,31,27,31,28,16,28,25,26,18,21,34,25,29,25,22,25,11,27,37,25,26,26,28,27,22,31,24,27,32,27,27,","19,16,14,20,16,21,17,20,11,14,17,13,12,13,17,13,16,16,18,13,21,25,16,18,23,16,18,14,13,15,16,14,13,15,17,13,15,10,16,13,11,17,21,20,16,13,11,13,17,23,13,10,22,17,19,","pass","0.9"
"33BFF6QPJ5CM9KUK93KTXJKBBVP3WC","3F3JD5CN1QYSKT8HP9LQEY5A3YBH0Y","Study on Picture Changes and Picture Quality","Use sliders to find when a picture changes and when the quality changes","image quality, image changes, slider","$0.50","Thu Apr 30 22:17:53 PDT 2020","117","BatchId:4017872;OriginalHitTemplateId:928390855;","7200","259200","Thu May 14 22:17:53 PDT 2020","","","3NKQQ8O3926ALS56XUG5GOGCUGHDUX","A3KIPPVTH4OJ9O","Approved","Fri May 01 11:44:49 PDT 2020","Fri May 01 12:07:42 PDT 2020","Mon May 04 12:07:42 PDT 2020","Sat May 02 15:00:36 PDT 2020","","","1373","100% (9/9)","100% (9/9)","100% (8/8)","Chrome","true","true","false","false","true","false","false","false","true","false","false","false","true","1","Fri 01 May 11:54:51 PST 2020","5394","32,35,33,39,37,34,34,33,32,34,32,34,28,31,36,34,33,35,34,37,33,37,31,35,33,32,32,32,34,36,33,34,30,30,33,38,31,33,33,35,38,37,32,31,35,33,34,33,36,42,37,38,38,33,31,","24,30,29,34,33,25,29,27,27,30,28,28,24,26,31,30,26,30,28,25,25,24,26,27,29,26,28,27,27,28,27,28,26,24,27,26,26,29,30,28,32,30,28,26,27,26,26,27,28,34,32,30,27,28,24,","pass","0.6668859288553503"
"33BFF6QPJ5CM9KUK93KTXJKBBVP3WC","3F3JD5CN1QYSKT8HP9LQEY5A3YBH0Y","Study on Picture Changes and Picture Quality","Use sliders to find when a picture changes and when the quality changes","image quality, image changes, slider","$0.50","Thu Apr 30 22:17:53 PDT 2020","117","BatchId:4017872;OriginalHitTemplateId:928390855;","7200","259200","Thu May 14 22:17:53 PDT 2020","","","3OUYGIZWRBZ3U3WG4WTGRB9USO6P02","A1K6UP1VH0BTA9","Submitted","Mon May 04 10:56:45 PDT 2020","Mon May 04 11:22:44 PDT 2020","Thu May 07 11:22:44 PDT 2020","","","","1559","100% (5/5)","100% (5/5)","100% (5/5)","Chrome","true","true","false","false","true","false","false","false","true","false","false","false","true","1","Mon 04 May 10:57:55 PST 2020","433","36,34,38,42,41,38,38,39,36,38,40,40,40,41,40,43,43,35,39,39,35,40,39,38,35,39,38,43,41,40,39,38,38,39,35,41,39,39,42,43,35,37,41,42,41,39,41,41,41,38,40,43,39,38,41,","33,31,34,38,38,35,33,34,33,32,37,37,37,38,37,40,38,32,35,35,32,36,37,35,32,34,32,40,36,37,35,34,36,34,32,37,35,37,38,38,31,31,38,38,37,35,37,36,37,35,37,40,35,36,37,","pass","-0.31622776601683794"
"33BFF6QPJ5CM9KUK93KTXJKBBVP3WC","3F3JD5CN1QYSKT8HP9LQEY5A3YBH0Y","Study on Picture Changes and Picture Quality","Use sliders to find when a picture changes and when the quality changes","image quality, image changes, slider","$0.50","Thu Apr 30 22:17:53 PDT 2020","117","BatchId:4017872;OriginalHitTemplateId:928390855;","7200","259200","Thu May 14 22:17:53 PDT 2020","","","3P4MQ7TPP1D2AWYGJ784G80O2J0BBR","A1DNWBNRTQ83N5","Rejected","Sun May 03 09:55:47 PDT 2020","Sun May 03 10:02:54 PDT 2020","Wed May 06 10:02:54 PDT 2020","","Tue May 05 09:44:09 PDT 2020","We have detected that you were not taking the task seriously or you misinterpreted the instructions.","427","0% (0/7)","0% (0/7)","0% (0/7)","Chrome","true","true","false","false","true","false","false","false","true","false","false","false","true","1","Sun 03 May 09:57:28 PST 2020","185","41,38,41,37,42,38,39,42,35,37,43,32,32,36,34,36,39,32,36,34,35,33,31,32,35,33,33,32,38,33,33,38,35,36,38,32,37,37,36,40,33,41,36,40,38,35,29,37,36,36,38,41,37,30,41,","36,31,33,26,34,33,32,36,28,30,30,25,23,30,19,27,31,20,26,24,25,25,22,27,24,25,27,24,28,25,25,27,25,24,25,22,28,25,30,31,27,35,31,32,31,31,22,30,31,30,30,35,30,22,28,","pass","-0.3"
"33BFF6QPJ5CM9KUK93KTXJKBBVP3WC","3F3JD5CN1QYSKT8HP9LQEY5A3YBH0Y","Study on Picture Changes and Picture Quality","Use sliders to find when a picture changes and when the quality changes","image quality, image changes, slider","$0.50","Thu Apr 30 22:17:53 PDT 2020","117","BatchId:4017872;OriginalHitTemplateId:928390855;","7200","259200","Thu May 14 22:17:53 PDT 2020","","","3QAVNHZ3EQ594VF046X2Z0CNWOTAL4","A1KL8QLFQ4YTOL","Rejected","Fri May 01 18:01:29 PDT 2020","Fri May 01 18:37:54 PDT 2020","Mon May 04 18:37:54 PDT 2020","","Sat May 02 21:44:29 PDT 2020","We have detected that you were not taking the task seriously or you misinterpreted the instructions.","2185","0% (0/1)","0% (0/1)","0% (0/1)","Chrome","true","true","false","false","true","false","false","false","true","false","false","false","true","1","Fri 01 May 18:31:54 PST 2020","5520","42,39,39,41,39,39,37,38,40,40,40,41,40,42,41,41,42,42,42,38,41,40,42,41,38,41,42,41,42,40,41,40,41,39,41,43,39,40,38,39,39,35,37,43,43,43,43,43,42,41,39,43,43,42,42,","30,30,30,31,29,30,31,33,33,32,33,34,34,37,35,35,35,36,35,31,32,32,34,33,32,34,35,34,36,33,34,32,33,32,35,34,32,33,32,32,32,29,32,38,37,38,37,38,38,35,34,37,36,35,36,","pass","0.5"
"33BFF6QPJ5CM9KUK93KTXJKBBVP3WC","3F3JD5CN1QYSKT8HP9LQEY5A3YBH0Y","Study on Picture Changes and Picture Quality","Use sliders to find when a picture changes and when the quality changes","image quality, image changes, slider","$0.50","Thu Apr 30 22:17:53 PDT 2020","117","BatchId:4017872;OriginalHitTemplateId:928390855;","7200","259200","Thu May 14 22:17:53 PDT 2020","","","3R0T90IZ1WDHBIYXDTWDS3X30PLGCT","AX8990LBL63YT","Submitted","Tue May 05 03:40:30 PDT 2020","Tue May 05 03:50:37 PDT 2020","Fri May 08 03:50:37 PDT 2020","","","","607","94% (15/16)","94% (15/16)","50% (1/2)","Chrome","true","true","false","false","true","false","false","false","true","false","false","false","true","1","Tue 05 May 03:42:29 PST 2020","648","24,23,23,22,24,25,25,28,26,26,26,26,25,26,26,27,24,26,28,26,28,28,26,27,26,27,26,24,25,26,25,28,27,26,24,27,25,30,28,25,26,27,26,36,26,25,29,25,22,23,25,26,25,27,26,","17,17,18,17,18,19,21,21,21,20,22,20,20,20,21,21,18,20,22,21,20,20,22,21,22,23,21,20,21,22,21,23,23,22,20,21,20,25,22,20,21,23,22,32,21,19,23,21,15,18,20,21,21,23,22,","pass","0.9"
"33BFF6QPJ5CM9KUK93KTXJKBBVP3WC","3F3JD5CN1QYSKT8HP9LQEY5A3YBH0Y","Study on Picture Changes and Picture Quality","Use sliders to find when a picture changes and when the quality changes","image quality, image changes, slider","$0.50","Thu Apr 30 22:17:53 PDT 2020","117","BatchId:4017872;OriginalHitTemplateId:928390855;","7200","259200","Thu May 14 22:17:53 PDT 2020","","","3R2UR8A0IEHT6TQQS858BPRFSCJOXB","A3PT308I681AY3","Approved","Fri May 01 09:21:02 PDT 2020","Fri May 01 09:36:30 PDT 2020","Mon May 04 09:36:30 PDT 2020","Sat May 02 21:44:56 PDT 2020","","","928","100% (7/7)","100% (7/7)","100% (3/3)","Firefox","true","true","false","false","true","false","false","false","true","false","false","false","true","1","Fri 01 May 09:21:55 PST 2020","5295","39,41,43,43,43,41,44,39,42,43,44,42,41,47,41,46,43,40,44,44,46,45,43,43,44,39,44,43,44,44,42,37,44,44,46,44,44,33,40,44,39,39,42,36,39,41,42,40,39,43,40,41,41,41,42,","36,37,41,37,39,35,40,36,38,39,40,39,37,44,38,42,39,37,37,40,43,38,38,40,39,35,41,39,40,40,38,32,41,41,42,40,41,31,36,39,33,34,30,33,35,39,37,33,34,38,37,36,38,36,37,","pass","0.872081599272381"
"33BFF6QPJ5CM9KUK93KTXJKBBVP3WC","3F3JD5CN1QYSKT8HP9LQEY5A3YBH0Y","Study on Picture Changes and Picture Quality","Use sliders to find when a picture changes and when the quality changes","image quality, image changes, slider","$0.50","Thu Apr 30 22:17:53 PDT 2020","117","BatchId:4017872;OriginalHitTemplateId:928390855;","7200","259200","Thu May 14 22:17:53 PDT 2020","","","3RJSC4XJ14VZ1TEXKHK2T54D1LB05R","A29689MRXFMT5Q","Rejected","Sun May 03 22:35:05 PDT 2020","Sun May 03 22:40:00 PDT 2020","Wed May 06 22:40:00 PDT 2020","","Tue May 05 09:44:22 PDT 2020","We have detected that you were not taking the task seriously or you misinterpreted the instructions.","295","25% (1/4)","25% (1/4)","25% (1/4)","Chrome","true","true","false","false","true","false","false","false","true","false","false","false","true","1","Sun 03 May 22:36:05 PST 2020","309","21,18,24,18,20,25,21,22,20,16,21,20,19,17,17,17,17,13,25,23,17,21,19,18,21,20,17,20,22,23,15,21,25,28,24,19,20,21,22,23,21,18,17,23,23,20,24,24,23,21,22,21,19,19,25,","11,9,10,10,7,11,8,11,9,10,6,10,9,8,9,12,9,9,12,12,11,11,9,7,8,8,10,11,10,12,10,10,10,14,11,11,9,8,7,10,8,8,9,17,12,11,11,13,11,8,14,11,11,7,16,","pass","-0.35909242322980395"
"33BFF6QPJ5CM9KUK93KTXJKBBVP3WC","3F3JD5CN1QYSKT8HP9LQEY5A3YBH0Y","Study on Picture Changes and Picture Quality","Use sliders to find when a picture changes and when the quality changes","image quality, image changes, slider","$0.50","Thu Apr 30 22:17:53 PDT 2020","117","BatchId:4017872;OriginalHitTemplateId:928390855;","7200","259200","Thu May 14 22:17:53 PDT 2020","","","3RU7GD8VPSU3VCGSDYC01HFDN9USPJ","A30AKHFRYKH2CV","Approved","Sat May 02 21:52:51 PDT 2020","Sat May 02 22:14:08 PDT 2020","Tue May 05 22:14:08 PDT 2020","Mon May 04 11:19:15 PDT 2020","","","1277","83% (24/29)","83% (24/29)","62% (8/13)","Chrome","true","true","false","false","true","false","false","false","true","false","false","false","true","1","Sat 02 May 21:57:52 PST 2020","76","19,18,17,14,14,15,14,14,12,14,14,12,21,16,14,15,16,16,14,19,14,15,15,15,13,16,16,16,16,17,16,16,14,13,12,10,16,14,14,14,17,14,15,16,17,13,15,14,14,18,17,16,17,15,16,","16,14,13,10,10,12,10,11,8,10,10,8,15,12,10,11,12,11,10,14,11,11,11,11,10,12,12,12,12,13,13,12,11,9,9,8,12,11,10,10,12,10,12,11,11,10,11,10,10,13,13,12,12,11,12,","pass","0.6668859288553503"
"33BFF6QPJ5CM9KUK93KTXJKBBVP3WC","3F3JD5CN1QYSKT8HP9LQEY5A3YBH0Y","Study on Picture Changes and Picture Quality","Use sliders to find when a picture changes and when the quality changes","image quality, image changes, slider","$0.50","Thu Apr 30 22:17:53 PDT 2020","117","BatchId:4017872;OriginalHitTemplateId:928390855;","7200","259200","Thu May 14 22:17:53 PDT 2020","","","3RXCAC0YIVQFZF8KWHG8QH1KALR8GG","A12X0FLEDDVFPI","Approved","Sat May 02 07:41:01 PDT 2020","Sat May 02 08:08:11 PDT 2020","Tue May 05 08:08:11 PDT 2020","Mon May 04 11:23:29 PDT 2020","","","1630","95% (19/20)","95% (19/20)","94% (17/18)","Chrome","true","true","false","false","true","false","false","false","true","false","false","false","true","1","Sat 02 May 07:48:19 PST 2020","5717","36,34,39,39,38,37,38,38,38,41,36,41,38,38,37,38,36,38,36,39,39,40,42,39,37,43,38,36,42,37,39,41,39,39,40,36,39,38,39,38,40,39,40,38,41,41,38,36,38,38,39,37,38,38,35,","29,24,27,35,30,29,30,29,28,33,30,34,31,29,29,31,28,32,29,31,34,33,34,31,29,35,30,29,34,29,33,33,33,32,31,28,32,31,30,31,34,33,33,33,33,33,31,30,29,32,29,28,30,27,27,","pass","0.9"
"33BFF6QPJ5CM9KUK93KTXJKBBVP3WC","3F3JD5CN1QYSKT8HP9LQEY5A3YBH0Y","Study on Picture Changes and Picture Quality","Use sliders to find when a picture changes and when the quality changes","image quality, image changes, slider","$0.50","Thu Apr 30 22:17:53 PDT 2020","117","BatchId:4017872;OriginalHitTemplateId:928390855;","7200","259200","Thu May 14 22:17:53 PDT 2020","","","3SITXWYCNZA9NZ1HO30M55RGLCBBX3","ABV2J8ITYELPM","Rejected","Fri May 01 06:17:28 PDT 2020","Fri May 01 06:36:52 PDT 2020","Mon May 04 06:36:52 PDT 2020","","Sat May 02 21:48:44 PDT 2020","We have detected that you were not taking the task seriously or you misinterpreted the instructions.","1164","88% (15/17)","85% (11/13)","0% (0/2)","Chrome","true","true","false","false","true","false","false","false","true","false","false","false","true","1","Fri 01 May 06:25:25 PST 2020","5213","30,31,30,31,26,29,28,27,28,26,28,27,28,30,26,27,27,28,28,28,29,26,27,27,28,29,28,29,26,27,30,26,28,25,26,27,27,26,25,28,25,28,27,26,26,28,26,28,29,28,27,28,28,27,29,","19,20,18,22,15,17,17,15,16,14,16,13,16,17,15,16,14,16,17,16,16,14,17,15,17,17,15,17,15,17,19,16,17,16,14,16,16,17,16,19,15,18,16,17,18,17,15,16,19,19,16,18,17,15,19,","pass","0.4616902584383194"
"33BFF6QPJ5CM9KUK93KTXJKBBVP3WC","3F3JD5CN1QYSKT8HP9LQEY5A3YBH0Y","Study on Picture Changes and Picture Quality","Use sliders to find when a picture changes and when the quality changes","image quality, image changes, slider","$0.50","Thu Apr 30 22:17:53 PDT 2020","117","BatchId:4017872;OriginalHitTemplateId:928390855;","7200","259200","Thu May 14 22:17:53 PDT 2020","","","3SLE99ER0REYSU1WPLO72Q7RTBEBZ3","A16GH5GPKBX5GA","Rejected","Thu Apr 30 22:20:14 PDT 2020","Thu Apr 30 23:39:21 PDT 2020","Sun May 03 23:39:21 PDT 2020","","Sat May 02 14:51:00 PDT 2020","We have detected that you were not taking the task seriously or you misinterpreted the instructions.","4747","83% (29/35)","81% (25/31)","69% (11/16)","Chrome","true","true","false","false","true","false","false","false","true","false","false","false","true","1","Thu 30 Apr 23:27:07 PST 2020","4980","27,26,28,26,24,25,24,27,28,27,26,26,26,26,26,25,27,27,26,27,24,27,29,26,28,26,28,26,28,25,29,27,29,28,27,26,28,25,26,27,26,24,24,25,25,26,25,23,23,26,26,24,26,26,25,","24,22,25,22,20,22,22,24,25,24,23,23,23,23,23,21,24,23,23,24,21,25,26,23,25,23,25,23,25,22,26,25,26,26,24,23,25,22,23,24,22,21,21,23,22,23,22,21,21,24,24,21,23,23,22,","pass","-0.15389675281277312"
"33BFF6QPJ5CM9KUK93KTXJKBBVP3WC","3F3JD5CN1QYSKT8HP9LQEY5A3YBH0Y","Study on Picture Changes and Picture Quality","Use sliders to find when a picture changes and when the quality changes","image quality, image changes, slider","$0.50","Thu Apr 30 22:17:53 PDT 2020","117","BatchId:4017872;OriginalHitTemplateId:928390855;","7200","259200","Thu May 14 22:17:53 PDT 2020","","","3SUWZRL0M2EUBNT5X7TM60KHR4UE6F","A1JI19KPIVNL3Y","Approved","Thu Apr 30 22:18:38 PDT 2020","Thu Apr 30 22:32:56 PDT 2020","Sun May 03 22:32:56 PDT 2020","Sat May 02 14:51:41 PDT 2020","","","858","100% (1/1)","100% (1/1)","100% (1/1)","Chrome","true","true","false","false","true","false","false","false","true","false","false","false","true","1","Thu 30 Apr 22:20:16 PST 2020","4915","22,18,15,19,19,22,20,18,16,19,24,24,15,22,20,16,20,19,22,21,17,19,21,22,26,25,26,23,25,13,18,19,22,23,20,13,18,25,24,14,26,25,20,21,36,29,22,22,18,23,22,25,21,22,22,","11,16,7,9,7,10,15,10,8,10,12,11,7,9,8,7,11,8,10,10,9,8,11,11,10,10,10,9,11,5,7,8,11,11,10,5,8,13,11,7,13,14,10,11,22,13,8,6,7,6,11,10,8,9,9,","pass","0.6668859288553503"
"33BFF6QPJ5CM9KUK93KTXJKBBVP3WC","3F3JD5CN1QYSKT8HP9LQEY5A3YBH0Y","Study on Picture Changes and Picture Quality","Use sliders to find when a picture changes and when the quality changes","image quality, image changes, slider","$0.50","Thu Apr 30 22:17:53 PDT 2020","117","BatchId:4017872;OriginalHitTemplateId:928390855;","7200","259200","Thu May 14 22:17:53 PDT 2020","","","3T3IWE1XGAOPAOUM2BWFBR19ULITQI","A24SC2L9IXMT05","Approved","Sat May 02 07:29:54 PDT 2020","Sat May 02 07:48:05 PDT 2020","Tue May 05 07:48:05 PDT 2020","Mon May 04 11:19:15 PDT 2020","","","1091","100% (28/28)","100% (28/28)","100% (11/11)","Chrome","false","true","false","false","true","false","false","false","true","false","false","false","true","1","Sat 02 May 07:30:25 PST 2020","5711","19,21,31,26,30,13,27,17,20,20,20,23,21,18,19,21,20,21,18,25,23,21,19,22,20,22,24,31,27,23,24,31,26,19,21,19,18,19,18,24,29,24,17,16,17,20,19,19,18,21,26,25,19,21,22,","15,16,25,20,26,10,22,13,16,16,16,17,17,16,13,18,15,17,15,20,19,14,13,15,15,16,19,27,22,18,20,24,22,14,13,14,13,13,14,20,24,17,13,13,14,16,14,16,15,17,22,19,14,18,17,","pass","1"
"33BFF6QPJ5CM9KUK93KTXJKBBVP3WC","3F3JD5CN1QYSKT8HP9LQEY5A3YBH0Y","Study on Picture Changes and Picture Quality","Use sliders to find when a picture changes and when the quality changes","image quality, image changes, slider","$0.50","Thu Apr 30 22:17:53 PDT 2020","117","BatchId:4017872;OriginalHitTemplateId:928390855;","7200","259200","Thu May 14 22:17:53 PDT 2020","","","3TK8OJTYM5MJN4XW7TH5C4ZKMA1VPY","A2I7Z9K6P25O9M","Approved","Sat May 02 05:50:39 PDT 2020","Sat May 02 06:05:31 PDT 2020","Tue May 05 06:05:31 PDT 2020","Mon May 04 11:19:15 PDT 2020","","","892","100% (4/4)","100% (4/4)","100% (4/4)","Chrome","false","true","false","false","true","false","false","false","true","false","false","false","true","1","Sat 02 May 05:52:26 PST 2020","5674","32,32,35,31,40,36,36,32,39,38,32,33,29,37,33,32,36,37,35,34,36,29,36,36,36,36,36,30,33,34,37,35,39,39,33,38,37,41,37,40,35,35,39,43,41,36,39,42,38,33,34,38,27,37,39,","24,21,21,15,29,19,26,20,26,28,19,23,21,28,22,19,25,21,22,28,28,20,23,24,20,23,25,21,21,24,26,26,30,27,24,28,29,23,27,25,21,28,29,32,26,21,27,25,30,24,25,27,22,28,26,","pass","0.8207826816681233"
"33BFF6QPJ5CM9KUK93KTXJKBBVP3WC","3F3JD5CN1QYSKT8HP9LQEY5A3YBH0Y","Study on Picture Changes and Picture Quality","Use sliders to find when a picture changes and when the quality changes","image quality, image changes, slider","$0.50","Thu Apr 30 22:17:53 PDT 2020","117","BatchId:4017872;OriginalHitTemplateId:928390855;","7200","259200","Thu May 14 22:17:53 PDT 2020","","","3TUI152ZZFOO14ID0SC55LIE2DQ1Q2","A1I6Z5U07WFSX4","Submitted","Mon May 04 13:07:46 PDT 2020","Mon May 04 13:22:48 PDT 2020","Thu May 07 13:22:48 PDT 2020","","","","902","100% (1/1)","100% (1/1)","100% (1/1)","Chrome","true","true","false","false","true","false","false","false","true","false","false","false","true","1","Mon 04 May 13:09:08 PST 2020","485","28,24,23,17,20,25,24,17,19,17,24,19,23,27,17,19,20,16,12,17,18,15,23,13,15,15,16,23,12,16,12,15,14,22,24,10,11,14,27,15,23,25,21,30,18,32,13,16,21,11,15,26,19,14,17,","6,11,15,7,11,19,13,7,7,10,8,6,6,13,11,6,9,5,7,10,10,9,8,9,7,8,9,6,7,9,7,11,9,9,9,7,6,9,10,6,9,7,8,13,9,13,5,6,7,5,5,9,5,4,13,","pass","-0.20519567041703082"
"33BFF6QPJ5CM9KUK93KTXJKBBVP3WC","3F3JD5CN1QYSKT8HP9LQEY5A3YBH0Y","Study on Picture Changes and Picture Quality","Use sliders to find when a picture changes and when the quality changes","image quality, image changes, slider","$0.50","Thu Apr 30 22:17:53 PDT 2020","117","BatchId:4017872;OriginalHitTemplateId:928390855;","7200","259200","Thu May 14 22:17:53 PDT 2020","","","3TXMY6UCAIP8O7SBGP1PMH15614QCM","ATOYWQ129OQ7D","Approved","Sat May 02 13:25:54 PDT 2020","Sat May 02 14:36:39 PDT 2020","Tue May 05 14:36:39 PDT 2020","Mon May 04 11:25:30 PDT 2020","","","4245","100% (2/2)","100% (1/1)","100% (1/1)","Chrome","true","true","false","false","true","false","false","false","true","false","false","false","true","6","Sat 02 May 14:11:44 PST 2020","6","30,31,34,31,33,31,27,34,29,30,31,32,32,33,30,31,34,33,34,35,36,35,37,31,29,31,31,33,34,35,33,29,31,33,35,30,29,32,33,29,25,31,34,29,33,33,32,38,35,36,30,36,27,29,26,","21,9,16,14,14,15,15,17,15,7,14,9,8,8,13,12,12,11,12,9,15,10,12,13,11,11,9,7,16,18,10,10,9,23,10,9,8,10,11,8,9,7,10,13,8,8,9,10,14,14,12,14,8,9,9,","pass","0.2"
"33BFF6QPJ5CM9KUK93KTXJKBBVP3WC","3F3JD5CN1QYSKT8HP9LQEY5A3YBH0Y","Study on Picture Changes and Picture Quality","Use sliders to find when a picture changes and when the quality changes","image quality, image changes, slider","$0.50","Thu Apr 30 22:17:53 PDT 2020","117","BatchId:4017872;OriginalHitTemplateId:928390855;","7200","259200","Thu May 14 22:17:53 PDT 2020","","","3TY7ZAOG5JL2JCZ0R4O8VUNVY3WK06","A1V6B98VMTBSFS","Approved","Sat May 02 00:59:58 PDT 2020","Sat May 02 01:14:38 PDT 2020","Tue May 05 01:14:38 PDT 2020","Mon May 04 11:19:15 PDT 2020","","","880","100% (34/34)","100% (34/34)","100% (15/15)","Chrome","false","true","false","false","true","false","false","false","true","false","false","false","true","1","Sat 02 May 01:01:03 PST 2020","5599","23,31,28,28,30,36,37,27,24,28,34,38,31,36,28,29,31,33,33,32,31,34,33,35,29,28,35,35,30,26,31,31,26,28,35,33,28,33,32,32,28,33,28,31,29,27,27,32,20,26,30,24,29,21,34,","15,20,18,20,24,26,26,21,18,24,17,22,24,31,21,20,24,22,21,24,24,28,24,19,15,21,23,25,19,22,19,21,18,20,24,20,18,20,25,16,22,26,22,21,17,18,19,18,14,19,20,16,15,14,21,","pass","0.8207826816681233"
"33BFF6QPJ5CM9KUK93KTXJKBBVP3WC","3F3JD5CN1QYSKT8HP9LQEY5A3YBH0Y","Study on Picture Changes and Picture Quality","Use sliders to find when a picture changes and when the quality changes","image quality, image changes, slider","$0.50","Thu Apr 30 22:17:53 PDT 2020","117","BatchId:4017872;OriginalHitTemplateId:928390855;","7200","259200","Thu May 14 22:17:53 PDT 2020","","","3TYCR1GOTGKA53N8GYD1GT3W5FSLZK","A23CFOROXR7G7B","Approved","Sun May 03 08:27:07 PDT 2020","Sun May 03 08:41:34 PDT 2020","Wed May 06 08:41:34 PDT 2020","Tue May 05 09:44:43 PDT 2020","","","867","95% (19/20)","95% (19/20)","86% (6/7)","Firefox","true","true","false","false","true","false","false","false","true","false","false","false","true","1","Sun 03 May 08:27:44 PST 2020","158","30,22,27,30,28,29,22,26,23,25,29,22,28,25,23,22,23,31,26,27,24,22,25,25,28,24,22,24,33,25,21,21,23,23,21,22,26,29,29,25,31,24,21,34,28,26,34,29,23,30,30,29,31,30,30,","18,12,15,16,21,19,18,17,16,18,18,17,21,17,16,16,17,18,18,21,18,17,17,17,19,12,17,17,17,17,18,17,17,16,13,15,16,20,23,16,13,13,16,19,17,19,27,26,19,20,19,19,22,19,18,","pass","-0.4472135954999579"
"33BFF6QPJ5CM9KUK93KTXJKBBVP3WC","3F3JD5CN1QYSKT8HP9LQEY5A3YBH0Y","Study on Picture Changes and Picture Quality","Use sliders to find when a picture changes and when the quality changes","image quality, image changes, slider","$0.50","Thu Apr 30 22:17:53 PDT 2020","117","BatchId:4017872;OriginalHitTemplateId:928390855;","7200","259200","Thu May 14 22:17:53 PDT 2020","","","3U5JL4WY5OAP20G89OQZXRLABLC4XA","A3OA2FMUQR7V8G","Approved","Fri May 01 08:17:03 PDT 2020","Fri May 01 08:47:06 PDT 2020","Mon May 04 08:47:06 PDT 2020","Sat May 02 15:00:36 PDT 2020","","","1803","100% (2/2)","100% (2/2)","100% (1/1)","Chrome","false","true","false","false","true","false","false","false","true","false","false","false","true","1","Fri 01 May 08:21:22 PST 2020","5260","35,27,24,27,31,12,35,28,27,25,30,26,26,28,30,34,36,34,41,30,25,21,36,40,33,24,14,30,29,35,28,27,32,28,33,37,33,33,33,32,35,31,35,28,33,37,32,35,29,33,36,30,38,39,37,","25,21,15,18,12,9,23,16,15,17,20,13,12,18,23,25,28,25,30,22,20,16,27,32,18,19,10,22,21,25,18,16,22,18,24,29,26,25,25,23,23,19,25,22,27,29,24,29,22,21,29,21,31,31,30,","pass","0.4616902584383194"
"33BFF6QPJ5CM9KUK93KTXJKBBVP3WC","3F3JD5CN1QYSKT8HP9LQEY5A3YBH0Y","Study on Picture Changes and Picture Quality","Use sliders to find when a picture changes and when the quality changes","image quality, image changes, slider","$0.50","Thu Apr 30 22:17:53 PDT 2020","117","BatchId:4017872;OriginalHitTemplateId:928390855;","7200","259200","Thu May 14 22:17:53 PDT 2020","","","3UOUJI6MTHFOJYANOUHHAVJ4AWOUX7","A3DJRJCBMIJ3WK","Rejected","Thu Apr 30 22:44:33 PDT 2020","Thu Apr 30 23:04:53 PDT 2020","Sun May 03 23:04:53 PDT 2020","","Sat May 02 14:51:01 PDT 2020","We have detected that you were not taking the task seriously or you misinterpreted the instructions.","1220","33% (1/3)","50% (1/2)","50% (1/2)","Chrome","true","true","false","false","true","false","false","false","true","false","false","false","true","1","Thu 30 Apr 22:53:16 PST 2020","4943","31,33,33,33,34,33,31,34,33,31,30,31,30,28,29,30,29,31,30,31,30,32,32,32,29,31,31,32,31,34,32,30,31,29,31,32,30,32,32,36,33,33,37,33,32,30,32,29,31,32,31,32,33,31,31,","19,20,21,21,23,21,17,20,20,17,17,19,18,15,17,17,18,19,17,18,21,17,19,21,18,20,17,19,17,21,19,19,19,16,20,19,15,23,22,26,21,20,22,21,20,20,20,16,18,18,19,21,22,21,21,","pass","-0.11180339887498948"
"33BFF6QPJ5CM9KUK93KTXJKBBVP3WC","3F3JD5CN1QYSKT8HP9LQEY5A3YBH0Y","Study on Picture Changes and Picture Quality","Use sliders to find when a picture changes and when the quality changes","image quality, image changes, slider","$0.50","Thu Apr 30 22:17:53 PDT 2020","117","BatchId:4017872;OriginalHitTemplateId:928390855;","7200","259200","Thu May 14 22:17:53 PDT 2020","","","3VNL7UK1XJKSJZ4DOVLLZSXVNDLFTA","A66GGBW7MAGPE","Approved","Thu Apr 30 22:40:24 PDT 2020","Thu Apr 30 23:17:58 PDT 2020","Sun May 03 23:17:58 PDT 2020","Sat May 02 14:51:11 PDT 2020","","","2254","92% (12/13)","92% (12/13)","100% (3/3)","Chrome","false","true","false","false","true","false","false","false","true","false","false","false","true","1","Thu 30 Apr 22:43:10 PST 2020","4936","34,31,36,39,32,37,31,39,38,37,33,35,36,29,33,32,34,38,36,41,37,35,34,30,31,36,35,34,35,37,35,31,34,38,38,38,36,33,37,34,32,34,38,43,38,34,32,38,38,35,37,36,34,35,38,","25,23,26,29,29,28,22,30,27,29,30,26,26,23,24,22,25,35,23,34,31,27,25,23,25,28,28,28,32,28,26,23,26,31,29,29,27,24,30,29,22,24,26,36,28,27,23,25,33,26,29,27,25,26,26,","pass","0.9746794344808964"
"33BFF6QPJ5CM9KUK93KTXJKBBVP3WC","3F3JD5CN1QYSKT8HP9LQEY5A3YBH0Y","Study on Picture Changes and Picture Quality","Use sliders to find when a picture changes and when the quality changes","image quality, image changes, slider","$0.50","Thu Apr 30 22:17:53 PDT 2020","117","BatchId:4017872;OriginalHitTemplateId:928390855;","7200","259200","Thu May 14 22:17:53 PDT 2020","","","3VNXK88KKGJYVHHPQ4L8QEZ5HAIV9A","A380KR1MVIQ5YH","Approved","Sun May 03 01:38:23 PDT 2020","Sun May 03 01:55:44 PDT 2020","Wed May 06 01:55:44 PDT 2020","Tue May 05 09:46:55 PDT 2020","","","1041","87% (20/23)","87% (20/23)","90% (18/20)","Chrome","true","true","false","false","true","false","false","false","true","false","false","false","true","1","Sun 03 May 01:42:04 PST 2020","109","43,37,37,37,37,39,39,38,38,24,41,42,39,38,41,44,46,38,40,42,43,41,42,41,38,40,41,40,41,37,42,44,40,39,46,41,41,39,40,36,42,40,41,47,42,39,41,40,40,36,42,40,41,40,42,","32,27,26,27,26,29,28,26,29,15,31,31,29,28,30,35,35,32,34,35,35,32,35,32,29,32,34,34,32,27,33,36,30,30,37,32,35,29,31,27,34,31,32,37,34,31,34,29,30,26,31,35,36,35,37,","pass","0.8"
"33BFF6QPJ5CM9KUK93KTXJKBBVP3WC","3F3JD5CN1QYSKT8HP9LQEY5A3YBH0Y","Study on Picture Changes and Picture Quality","Use sliders to find when a picture changes and when the quality changes","image quality, image changes, slider","$0.50","Thu Apr 30 22:17:53 PDT 2020","117","BatchId:4017872;OriginalHitTemplateId:928390855;","7200","259200","Thu May 14 22:17:53 PDT 2020","","","3WLEIWSYHSIIDW1606PP1Q0I306H29","A6T4OHCY5WVVD","Submitted","Tue May 05 10:10:17 PDT 2020","Tue May 05 10:35:07 PDT 2020","Fri May 08 10:35:07 PDT 2020","","","","1490","0% (0/0)","0% (0/0)","0% (0/0)","Chrome","false","true","false","false","true","false","false","false","true","false","false","false","true","1","Tue 05 May 10:14:20 PST 2020","726","22,22,25,26,22,21,16,20,23,23,22,23,22,22,26,25,30,22,23,25,25,22,25,29,21,23,27,27,30,22,29,23,25,26,29,23,24,24,19,26,28,23,23,23,18,24,21,26,25,22,18,28,21,26,29,","17,19,22,19,18,21,11,15,20,18,19,20,17,18,21,22,27,17,17,20,16,14,20,21,19,16,21,21,27,14,25,15,18,23,24,17,20,22,16,21,24,18,21,21,17,19,17,22,23,18,14,24,17,23,26,","pass","0.6155870112510925"
"33BFF6QPJ5CM9KUK93KTXJKBBVP3WC","3F3JD5CN1QYSKT8HP9LQEY5A3YBH0Y","Study on Picture Changes and Picture Quality","Use sliders to find when a picture changes and when the quality changes","image quality, image changes, slider","$0.50","Thu Apr 30 22:17:53 PDT 2020","117","BatchId:4017872;OriginalHitTemplateId:928390855;","7200","259200","Thu May 14 22:17:53 PDT 2020","","","3WSELTNVR73XN8N5DFZTLRM4QHZATN","A1GOUPVKPVGFY1","Submitted","Tue May 05 07:33:00 PDT 2020","Tue May 05 08:05:19 PDT 2020","Fri May 08 08:05:19 PDT 2020","","","","1939","57% (8/14)","57% (8/14)","0% (0/2)","Chrome","true","true","false","false","true","false","false","false","true","false","false","false","true","1","Tue 05 May 07:33:59 PST 2020","686","24,20,22,21,23,23,24,23,21,23,21,22,23,23,24,24,24,24,23,21,21,23,21,22,23,24,22,22,23,21,26,25,24,25,25,23,24,23,22,20,24,22,24,23,24,23,22,19,22,24,22,23,23,25,23,","10,7,9,10,10,10,9,10,9,9,9,10,9,9,9,9,12,9,9,8,9,10,9,9,12,10,8,11,10,9,11,12,10,9,10,9,8,9,11,10,9,9,9,8,9,10,10,8,7,11,8,11,10,9,12,","pass","0.6155870112510925"
"33BFF6QPJ5CM9KUK93KTXJKBBVP3WC","3F3JD5CN1QYSKT8HP9LQEY5A3YBH0Y","Study on Picture Changes and Picture Quality","Use sliders to find when a picture changes and when the quality changes","image quality, image changes, slider","$0.50","Thu Apr 30 22:17:53 PDT 2020","117","BatchId:4017872;OriginalHitTemplateId:928390855;","7200","259200","Thu May 14 22:17:53 PDT 2020","","","3WZ36BJEV7H26ISXJTZPG26A8H2BT1","A4DWPYG8B5A6W","Approved","Fri May 01 07:57:24 PDT 2020","Fri May 01 08:11:18 PDT 2020","Mon May 04 08:11:18 PDT 2020","Sat May 02 15:00:36 PDT 2020","","","834","100% (33/33)","100% (33/33)","100% (14/14)","Microsoft Edge","true","true","false","false","true","false","false","false","true","false","false","false","true","1","Fri 01 May 07:59:36 PST 2020","5257","36,31,19,20,27,22,20,11,20,25,29,28,14,29,30,24,22,30,31,27,28,31,33,25,27,30,33,26,30,34,28,29,39,21,26,31,24,25,25,25,29,26,27,28,29,36,29,33,32,33,33,29,25,35,32,","22,25,14,15,20,17,16,8,16,19,20,21,11,22,24,20,18,23,26,18,22,27,26,19,22,22,26,20,24,25,22,22,32,15,22,23,17,18,17,16,22,20,20,21,21,25,19,25,25,24,23,20,18,22,21,","pass","1"
"33BFF6QPJ5CM9KUK93KTXJKBBVP3WC","3F3JD5CN1QYSKT8HP9LQEY5A3YBH0Y","Study on Picture Changes and Picture Quality","Use sliders to find when a picture changes and when the quality changes","image quality, image changes, slider","$0.50","Thu Apr 30 22:17:53 PDT 2020","117","BatchId:4017872;OriginalHitTemplateId:928390855;","7200","259200","Thu May 14 22:17:53 PDT 2020","","","3X1FV8S5J1SDAR4X4ARIIVLSLWDVGJ","ADDVJQQGD3Z6L","Submitted","Mon May 04 21:15:13 PDT 2020","Mon May 04 21:31:30 PDT 2020","Thu May 07 21:31:30 PDT 2020","","","","977","100% (1/1)","100% (1/1)","0% (0/0)","Chrome","false","true","false","false","true","false","false","false","true","false","false","false","true","2","Mon 04 May 21:18:26 PST 2020","589","35,24,21,36,25,25,28,40,29,35,29,25,28,26,23,37,31,33,28,27,29,27,21,25,25,25,26,32,28,23,25,25,25,23,27,24,23,29,26,27,25,25,32,28,30,29,27,30,25,30,29,23,27,30,28,","22,16,15,31,21,18,19,36,22,26,18,20,24,16,16,33,19,22,22,19,23,21,17,17,14,17,21,26,19,17,18,17,17,12,17,16,16,18,17,17,16,17,21,23,20,22,21,21,19,21,22,19,17,19,18,","pass","0.5642880936468347"
"33BFF6QPJ5CM9KUK93KTXJKBBVP3WC","3F3JD5CN1QYSKT8HP9LQEY5A3YBH0Y","Study on Picture Changes and Picture Quality","Use sliders to find when a picture changes and when the quality changes","image quality, image changes, slider","$0.50","Thu Apr 30 22:17:53 PDT 2020","117","BatchId:4017872;OriginalHitTemplateId:928390855;","7200","259200","Thu May 14 22:17:53 PDT 2020","","","3X87C8JFVACOVOH7DBRP1M5NSYBSQR","ABTHKQ2QJWA6E","Approved","Fri May 01 10:45:10 PDT 2020","Fri May 01 11:29:50 PDT 2020","Mon May 04 11:29:50 PDT 2020","Sat May 02 21:49:06 PDT 2020","","","2680","75% (12/16)","75% (12/16)","73% (8/11)","Chrome","true","true","false","false","true","false","false","false","true","false","false","false","true","1","Fri 01 May 11:17:42 PST 2020","5371","35,35,32,35,34,34,37,37,37,36,38,37,35,37,37,38,40,40,38,39,34,37,37,34,34,39,37,35,38,37,34,38,36,35,40,40,41,36,38,39,39,38,40,38,38,36,38,38,38,34,37,37,34,34,31,","26,26,23,23,25,25,28,26,26,27,28,27,26,27,28,28,30,32,31,29,25,25,26,22,24,30,25,24,25,27,24,25,25,27,28,30,30,27,28,28,28,27,29,26,26,26,27,30,30,22,27,23,22,22,23,","pass","0.35909242322980395"
"33BFF6QPJ5CM9KUK93KTXJKBBVP3WC","3F3JD5CN1QYSKT8HP9LQEY5A3YBH0Y","Study on Picture Changes and Picture Quality","Use sliders to find when a picture changes and when the quality changes","image quality, image changes, slider","$0.50","Thu Apr 30 22:17:53 PDT 2020","117","BatchId:4017872;OriginalHitTemplateId:928390855;","7200","259200","Thu May 14 22:17:53 PDT 2020","","","3YMU66OBIR98SQ9DZLAE3UUJD1HHGY","A3KED8NFUJ4PVR","Approved","Fri May 01 14:53:21 PDT 2020","Fri May 01 15:15:10 PDT 2020","Mon May 04 15:15:10 PDT 2020","Sat May 02 21:49:07 PDT 2020","","","1309","93% (14/15)","93% (14/15)","93% (14/15)","Firefox","true","true","false","false","true","false","false","false","true","false","false","false","true","1","Fri 01 May 14:54:23 PST 2020","5476","40,40,41,35,37,40,39,42,40,38,40,40,40,39,35,41,42,44,38,38,40,41,43,42,40,38,37,41,38,39,41,40,42,41,41,39,44,41,42,34,40,42,40,42,43,43,44,38,41,42,39,43,44,42,42,","35,33,27,30,28,32,29,30,31,27,32,33,32,30,26,33,34,35,30,28,31,35,35,35,30,30,29,34,31,30,35,33,36,34,33,29,36,34,33,30,31,34,33,33,36,33,39,32,32,34,32,34,38,33,37,","pass","0.872081599272381"
"33BFF6QPJ5CM9KUK93KTXJKBBVP3WC","3F3JD5CN1QYSKT8HP9LQEY5A3YBH0Y","Study on Picture Changes and Picture Quality","Use sliders to find when a picture changes and when the quality changes","image quality, image changes, slider","$0.50","Thu Apr 30 22:17:53 PDT 2020","117","BatchId:4017872;OriginalHitTemplateId:928390855;","7200","259200","Thu May 14 22:17:53 PDT 2020","","","3YWRV122CW0Y4X9FGM5PUW2BJTYU8U","A1J4HV45XMNUNG","Approved","Sat May 02 06:49:52 PDT 2020","Sat May 02 06:58:31 PDT 2020","Tue May 05 06:58:31 PDT 2020","Mon May 04 11:19:15 PDT 2020","","","519","94% (17/18)","94% (17/18)","92% (11/12)","Firefox","false","true","false","false","true","false","false","false","true","false","false","false","true","1","Sat 02 May 06:50:49 PST 2020","5693","27,22,20,22,24,20,24,22,21,24,20,23,24,24,25,21,22,21,18,21,27,23,23,21,23,23,23,23,27,25,18,20,20,23,26,23,23,28,19,22,22,23,22,16,20,21,24,23,21,21,29,26,23,23,23,","20,17,15,16,17,13,19,15,15,16,15,15,19,16,17,15,18,14,13,13,19,18,17,14,20,18,17,12,16,17,10,11,14,17,18,18,16,21,13,16,16,17,15,12,17,17,16,17,15,14,23,18,17,15,18,","pass","0.6668859288553503"
"33BFF6QPJ5CM9KUK93KTXJKBBVP3WC","3F3JD5CN1QYSKT8HP9LQEY5A3YBH0Y","Study on Picture Changes and Picture Quality","Use sliders to find when a picture changes and when the quality changes","image quality, image changes, slider","$0.50","Thu Apr 30 22:17:53 PDT 2020","117","BatchId:4017872;OriginalHitTemplateId:928390855;","7200","259200","Thu May 14 22:17:53 PDT 2020","","","3Z4XG4ZF4CSQL13ALRGCE31FDHMX88","A1HE4ZD6YBW160","Approved","Sun May 03 18:18:38 PDT 2020","Sun May 03 18:38:57 PDT 2020","Wed May 06 18:38:57 PDT 2020","Tue May 05 09:47:05 PDT 2020","","","1219","100% (1/1)","100% (1/1)","100% (1/1)","Chrome","true","true","false","false","true","false","false","false","true","false","false","false","true","1","Sun 03 May 18:19:49 PST 2020","269","28,24,28,17,11,10,14,22,11,12,18,17,19,18,20,20,23,19,18,23,22,20,19,20,19,20,19,17,16,18,21,26,18,18,20,17,9,20,19,30,14,13,16,21,17,16,13,17,13,13,16,14,17,17,13,","19,15,17,12,7,4,9,12,11,6,10,11,13,10,17,11,13,17,13,14,14,13,13,13,11,18,13,12,14,12,13,25,16,12,11,11,5,14,14,24,11,10,11,13,13,8,11,10,9,9,11,9,10,10,9,","pass","1"
"33BFF6QPJ5CM9KUK93KTXJKBBVP3WC","3F3JD5CN1QYSKT8HP9LQEY5A3YBH0Y","Study on Picture Changes and Picture Quality","Use sliders to find when a picture changes and when the quality changes","image quality, image changes, slider","$0.50","Thu Apr 30 22:17:53 PDT 2020","117","BatchId:4017872;OriginalHitTemplateId:928390855;","7200","259200","Thu May 14 22:17:53 PDT 2020","","","3ZGVPD4G6XIYOGVDP7FS2KDDZRJTZY","A2IXZEF69ACMVO","Approved","Sat May 02 22:56:32 PDT 2020","Sat May 02 23:13:18 PDT 2020","Tue May 05 23:13:18 PDT 2020","Mon May 04 11:19:15 PDT 2020","","","1006","88% (21/24)","88% (21/24)","57% (4/7)","Chrome","false","true","false","false","true","false","false","false","true","false","false","false","true","1","Sat 02 May 22:58:41 PST 2020","86","29,28,31,29,30,27,28,31,28,20,23,25,25,25,26,23,29,17,27,31,27,30,28,24,24,27,29,35,26,21,18,24,23,25,26,25,21,24,19,24,21,26,23,28,27,24,22,19,25,24,29,28,30,21,24,","27,26,29,27,28,25,26,28,26,19,21,23,23,23,24,21,27,15,25,29,25,28,26,22,22,25,27,33,24,19,16,22,21,23,24,23,19,22,17,22,19,24,21,26,25,22,20,17,23,22,27,25,28,19,22,","pass","0.2"