"HITId","HITTypeId","Title","Description","Keywords","Reward","CreationTime","MaxAssignments","RequesterAnnotation","AssignmentDurationInSeconds","AutoApprovalDelayInSeconds","Expiration","NumberOfSimilarHITs","LifetimeInSeconds","AssignmentId","WorkerId","AssignmentStatus","AcceptTime","SubmitTime","AutoApprovalTime","ApprovalTime","RejectionTime","RequesterFeedback","WorkTimeInSeconds","LifetimeApprovalRate","Last30DaysApprovalRate","Last7DaysApprovalRate","Answer.opt1.420","Answer.opt1.42069","Answer.opt1.69","Answer.opt2.420","Answer.opt2.42069","Answer.opt2.69","Answer.opt3.420","Answer.opt3.42069","Answer.opt3.69","Answer.opt4.420","Answer.opt4.42069","Answer.opt4.69","Answer.set_number","Answer.slider_values","Answer.slider_values2","Answer.srcc_flag","Answer.srcc_score","Approve","Reject"
"3CESM1J3FM4L63H2S5IR4MWVKK66WV","33RDX9IX0DI1EE6HRMQ3PAVIXWI3Q0","Optimal Image Compression","Determine the optimal compression level for images using sliders","image compression, slider","$0.50","Mon Mar 02 22:08:57 PST 2020","100","BatchId:3941286;OriginalHitTemplateId:928390855;","3600","259200","Mon Mar 16 23:08:57 PDT 2020","","","31QNSG6A5VUW6MXJ3ECEK4OR5SS87B","A2VKACLXTMOQWO","Submitted","Mon Mar 02 23:10:08 PST 2020","Mon Mar 02 23:24:27 PST 2020","Thu Mar 05 23:24:27 PST 2020","","","","859","0% (0/0)","0% (0/0)","0% (0/0)","true","false","false","true","false","false","false","true","false","false","false","true","7","37,42,44,43,42,41,43,42,41,39,38,38,45,40,40,41,39,37,38,40,42,46,40,41,42,46,41,40,39,44,37,38,41,39,40,41,42,41,42,43,41,41,41,42,43,37,37,45,39,40,42,43,37,38,42,","32,33,37,34,36,34,33,36,32,34,35,35,40,37,36,33,34,31,33,32,33,37,32,35,36,37,34,39,29,40,29,31,32,30,33,37,37,33,32,33,37,33,34,35,37,30,32,37,24,32,34,36,35,34,34,","fail","0.2"
"3CESM1J3FM4L63H2S5IR4MWVKK66WV","33RDX9IX0DI1EE6HRMQ3PAVIXWI3Q0","Optimal Image Compression","Determine the optimal compression level for images using sliders","image compression, slider","$0.50","Mon Mar 02 22:08:57 PST 2020","100","BatchId:3941286;OriginalHitTemplateId:928390855;","3600","259200","Mon Mar 16 23:08:57 PDT 2020","","","326O153BMMZTWW8K7U10C6U929YEDK","A1TE0GFJUIVVCU","Submitted","Tue Mar 03 17:09:12 PST 2020","Tue Mar 03 17:23:58 PST 2020","Fri Mar 06 17:23:58 PST 2020","","","","886","0% (0/0)","0% (0/0)","0% (0/0)","true","false","false","true","false","false","false","true","false","false","false","true","127","15,12,17,20,18,10,15,16,10,15,14,12,16,13,19,10,14,14,11,15,9,15,15,18,23,10,15,15,15,14,15,15,15,15,15,15,15,15,15,15,14,15,15,15,14,15,15,15,15,15,15,15,15,14,15,","10,8,12,13,11,6,9,9,5,4,5,8,8,8,9,7,7,7,9,7,7,7,7,8,14,7,7,7,7,6,7,7,7,7,7,7,7,7,7,7,6,7,7,7,7,7,7,7,7,7,7,8,6,7,7,","fail","-0.7071067811865475"
"3CESM1J3FM4L63H2S5IR4MWVKK66WV","33RDX9IX0DI1EE6HRMQ3PAVIXWI3Q0","Optimal Image Compression","Determine the optimal compression level for images using sliders","image compression, slider","$0.50","Mon Mar 02 22:08:57 PST 2020","100","BatchId:3941286;OriginalHitTemplateId:928390855;","3600","259200","Mon Mar 16 23:08:57 PDT 2020","","","32EYX73OY4A4M2OBFVBPLDXG3WAURA","A1I7NC6QJH4PUF","Approved","Tue Mar 03 06:29:09 PST 2020","Tue Mar 03 07:02:51 PST 2020","Fri Mar 06 07:02:51 PST 2020","Tue Mar 03 09:21:28 PST 2020","","","2022","100% (1/1)","100% (1/1)","100% (1/1)","true","false","false","true","false","false","false","true","false","false","false","true","57","36,30,34,26,43,28,31,36,32,28,26,30,27,21,27,27,27,30,34,39,33,37,33,25,35,33,34,37,28,35,37,29,21,40,16,34,27,28,33,34,39,34,33,37,35,36,36,40,38,40,38,44,40,41,43,","24,20,24,18,33,21,17,28,21,21,18,23,21,16,16,22,21,23,29,34,27,29,30,23,29,29,29,30,23,32,35,27,17,37,16,30,26,21,29,30,36,29,32,35,33,34,33,36,34,35,35,39,36,37,40,","pass","0.9"
"3CESM1J3FM4L63H2S5IR4MWVKK66WV","33RDX9IX0DI1EE6HRMQ3PAVIXWI3Q0","Optimal Image Compression","Determine the optimal compression level for images using sliders","image compression, slider","$0.50","Mon Mar 02 22:08:57 PST 2020","100","BatchId:3941286;OriginalHitTemplateId:928390855;","3600","259200","Mon Mar 16 23:08:57 PDT 2020","","","32ZKVD547JOX71U34ETYYP2C8ZGB33","A29QSUM0DRB2QB","Submitted","Tue Mar 03 22:17:35 PST 2020","Tue Mar 03 22:49:11 PST 2020","Fri Mar 06 22:49:11 PST 2020","","","","1896","0% (0/0)","0% (0/0)","0% (0/0)","true","false","false","true","false","false","false","true","false","false","false","true","147","36,36,35,28,37,39,39,36,40,36,33,39,39,36,40,39,35,37,33,36,37,35,36,36,36,38,36,37,25,36,37,29,31,36,36,34,33,33,34,33,34,38,35,36,37,37,36,36,35,38,29,32,35,37,39,","18,18,18,21,29,29,29,24,30,25,23,27,26,27,26,27,27,27,25,27,28,25,23,27,25,26,27,26,21,26,24,21,21,24,29,22,22,22,24,21,23,29,25,26,21,25,21,16,16,21,18,14,25,27,29,","fail","0.3"
"3CESM1J3FM4L63H2S5IR4MWVKK66WV","33RDX9IX0DI1EE6HRMQ3PAVIXWI3Q0","Optimal Image Compression","Determine the optimal compression level for images using sliders","image compression, slider","$0.50","Mon Mar 02 22:08:57 PST 2020","100","BatchId:3941286;OriginalHitTemplateId:928390855;","3600","259200","Mon Mar 16 23:08:57 PDT 2020","","","336YQZE83ZFW47L49M70R2BQYS75M4","AZFVZ2EJK1J0G","Submitted","Tue Mar 03 09:32:57 PST 2020","Tue Mar 03 09:56:50 PST 2020","Fri Mar 06 09:56:50 PST 2020","","","","1433","0% (0/0)","0% (0/0)","0% (0/0)","true","false","false","true","false","false","false","true","false","false","false","true","81","18,17,25,37,25,25,26,16,19,23,34,28,30,27,35,30,38,42,36,36,26,30,27,27,22,27,27,31,26,25,38,27,27,24,30,33,31,26,28,30,31,30,28,32,32,33,31,30,27,27,29,33,34,30,30,","9,12,10,20,16,18,16,14,16,20,24,25,26,24,29,25,26,34,33,28,20,25,19,21,20,21,21,26,22,22,34,24,23,21,24,27,27,24,24,27,26,27,27,27,26,26,27,26,26,23,26,31,31,26,28,","pass","0.7"
"3CESM1J3FM4L63H2S5IR4MWVKK66WV","33RDX9IX0DI1EE6HRMQ3PAVIXWI3Q0","Optimal Image Compression","Determine the optimal compression level for images using sliders","image compression, slider","$0.50","Mon Mar 02 22:08:57 PST 2020","100","BatchId:3941286;OriginalHitTemplateId:928390855;","3600","259200","Mon Mar 16 23:08:57 PDT 2020","","","33JKGHPFYGV0UWRADM3MLJBCPH3NMG","AQETC715B8MUB","Submitted","Wed Mar 04 10:00:24 PST 2020","Wed Mar 04 10:16:36 PST 2020","Sat Mar 07 10:16:36 PST 2020","","","","972","0% (0/0)","0% (0/0)","0% (0/0)","true","false","false","true","false","false","false","true","false","false","false","true","196","30,18,23,17,19,22,22,19,10,19,18,13,18,24,21,21,19,14,15,15,16,13,18,14,11,13,17,14,17,14,15,18,16,15,16,14,15,18,17,20,16,18,19,11,18,12,15,19,20,18,18,18,13,15,17,","16,12,19,12,14,15,10,14,9,14,11,6,9,15,15,15,17,10,9,10,10,7,14,7,10,7,10,11,12,10,12,12,8,10,12,10,8,16,12,16,9,10,12,8,15,10,12,9,9,9,11,10,8,10,12,","pass","0.6668859288553503"
"3CESM1J3FM4L63H2S5IR4MWVKK66WV","33RDX9IX0DI1EE6HRMQ3PAVIXWI3Q0","Optimal Image Compression","Determine the optimal compression level for images using sliders","image compression, slider","$0.50","Mon Mar 02 22:08:57 PST 2020","100","BatchId:3941286;OriginalHitTemplateId:928390855;","3600","259200","Mon Mar 16 23:08:57 PDT 2020","","","33L7PJKHCKZJ4KUQGHFFP0G9USW8T6","ANTDMRD1608RL","Submitted","Tue Mar 03 19:08:42 PST 2020","Tue Mar 03 19:54:44 PST 2020","Fri Mar 06 19:54:44 PST 2020","","","","2762","0% (0/0)","0% (0/0)","0% (0/0)","true","false","false","true","false","false","false","true","false","false","false","true","136","45,48,41,35,44,43,42,43,41,42,40,33,44,47,48,44,43,42,43,43,47,45,41,42,39,41,47,47,37,39,47,41,37,43,36,46,39,33,47,42,38,48,44,41,38,45,48,43,38,42,37,32,48,35,46,","24,30,20,24,25,32,28,33,22,27,16,22,23,25,34,28,18,16,19,24,25,18,19,18,19,19,25,29,18,25,19,29,15,30,29,28,23,19,26,28,25,20,22,30,23,27,29,20,18,18,17,16,16,10,30,","fail","-0.5"
"3CESM1J3FM4L63H2S5IR4MWVKK66WV","33RDX9IX0DI1EE6HRMQ3PAVIXWI3Q0","Optimal Image Compression","Determine the optimal compression level for images using sliders","image compression, slider","$0.50","Mon Mar 02 22:08:57 PST 2020","100","BatchId:3941286;OriginalHitTemplateId:928390855;","3600","259200","Mon Mar 16 23:08:57 PDT 2020","","","33LK57MYLX6X9GIY07A2SFHRRFMSZX","A20ITEYVM8GWS5","Submitted","Tue Mar 03 01:20:50 PST 2020","Tue Mar 03 01:38:15 PST 2020","Fri Mar 06 01:38:15 PST 2020","","","","1045","0% (0/0)","0% (0/0)","0% (0/0)","true","false","false","true","false","false","false","true","false","false","false","true","18","31,22,14,29,16,18,14,19,33,19,15,23,25,17,9,14,11,19,15,18,10,21,21,23,11,13,25,14,17,22,18,20,14,11,13,18,18,19,13,9,10,13,18,21,24,11,18,14,18,17,14,16,16,12,14,","14,11,8,9,10,10,7,8,8,13,7,8,8,4,4,6,4,10,9,10,5,6,11,11,6,5,10,6,8,9,6,7,6,5,6,7,6,11,5,5,4,8,6,6,8,5,5,5,7,7,5,6,7,4,6,","fail","0.22360679774997896"
"3CESM1J3FM4L63H2S5IR4MWVKK66WV","33RDX9IX0DI1EE6HRMQ3PAVIXWI3Q0","Optimal Image Compression","Determine the optimal compression level for images using sliders","image compression, slider","$0.50","Mon Mar 02 22:08:57 PST 2020","100","BatchId:3941286;OriginalHitTemplateId:928390855;","3600","259200","Mon Mar 16 23:08:57 PDT 2020","","","33SA9F9TR1VS528BOP6Q4UJU9LSEW9","A1OCEC1TBE3CWA","Submitted","Mon Mar 02 22:16:50 PST 2020","Mon Mar 02 22:39:41 PST 2020","Thu Mar 05 22:39:41 PST 2020","","","","1371","0% (0/0)","0% (0/0)","0% (0/0)","true","false","false","true","false","false","false","true","false","false","false","true","4","43,37,35,36,39,38,37,40,37,37,32,37,40,38,36,40,37,39,35,41,44,39,38,38,41,44,39,39,35,37,39,39,38,38,40,37,42,41,34,39,45,30,41,43,39,33,33,32,39,38,38,37,37,39,37,","36,26,23,24,27,27,25,30,30,22,21,25,32,25,26,29,27,26,26,31,34,27,27,26,31,32,27,27,24,26,31,29,28,26,32,24,25,30,22,27,29,20,29,34,26,23,24,23,30,26,25,27,26,29,27,","fail","0.05270462766947299"
"3CESM1J3FM4L63H2S5IR4MWVKK66WV","33RDX9IX0DI1EE6HRMQ3PAVIXWI3Q0","Optimal Image Compression","Determine the optimal compression level for images using sliders","image compression, slider","$0.50","Mon Mar 02 22:08:57 PST 2020","100","BatchId:3941286;OriginalHitTemplateId:928390855;","3600","259200","Mon Mar 16 23:08:57 PDT 2020","","","33TIN5LC08BFZBCUVF8SXD3ZTX49YN","ANMV627610253","Submitted","Tue Mar 03 05:26:15 PST 2020","Tue Mar 03 05:54:14 PST 2020","Fri Mar 06 05:54:14 PST 2020","","","","1679","0% (0/0)","0% (0/0)","0% (0/0)","true","false","false","true","false","false","false","true","false","false","false","true","50","44,35,42,39,32,41,42,37,33,45,39,35,38,40,46,40,42,40,41,39,45,37,37,37,39,40,41,42,39,40,40,39,44,40,39,37,36,41,40,37,36,41,39,41,42,38,41,38,42,37,43,38,43,37,39,","44,32,40,36,32,40,40,33,30,45,37,34,37,37,45,40,40,39,39,37,45,34,36,36,37,39,37,40,38,38,38,39,42,38,37,37,35,39,39,35,36,40,38,38,40,37,40,37,40,35,41,37,41,36,38,","fail","0.1"
"3CESM1J3FM4L63H2S5IR4MWVKK66WV","33RDX9IX0DI1EE6HRMQ3PAVIXWI3Q0","Optimal Image Compression","Determine the optimal compression level for images using sliders","image compression, slider","$0.50","Mon Mar 02 22:08:57 PST 2020","100","BatchId:3941286;OriginalHitTemplateId:928390855;","3600","259200","Mon Mar 16 23:08:57 PDT 2020","","","33UKMF931DL224MEJFQAGWCW870TT3","AGVCXY683B6BB","Approved","Wed Mar 04 07:51:14 PST 2020","Wed Mar 04 08:18:42 PST 2020","Sat Mar 07 08:18:42 PST 2020","Wed Mar 04 12:07:40 PST 2020","","","1648","100% (1/1)","100% (1/1)","100% (1/1)","true","false","false","true","false","false","false","true","false","false","false","true","184","35,37,31,42,27,41,21,22,23,37,26,27,36,27,24,35,29,26,29,38,27,31,39,38,36,29,29,24,50,33,26,36,37,25,22,32,33,29,36,24,24,26,35,30,30,34,34,28,36,17,27,26,20,21,35,","31,21,22,37,20,28,20,18,14,28,21,21,25,21,22,24,27,19,23,23,16,22,35,29,35,21,25,23,27,24,21,24,24,20,15,27,24,21,33,17,21,21,33,23,23,20,23,22,30,16,17,24,19,18,20,","pass","0.8"
"3CESM1J3FM4L63H2S5IR4MWVKK66WV","33RDX9IX0DI1EE6HRMQ3PAVIXWI3Q0","Optimal Image Compression","Determine the optimal compression level for images using sliders","image compression, slider","$0.50","Mon Mar 02 22:08:57 PST 2020","100","BatchId:3941286;OriginalHitTemplateId:928390855;","3600","259200","Mon Mar 16 23:08:57 PDT 2020","","","34BBWHLWHEC4L7AXK8WHP9HM1EZWI0","AMD5AS2ZWVTTK","Submitted","Mon Mar 02 22:44:02 PST 2020","Mon Mar 02 23:21:47 PST 2020","Thu Mar 05 23:21:47 PST 2020","","","","2265","0% (0/0)","0% (0/0)","0% (0/0)","true","false","false","true","false","false","false","true","false","false","false","true","8","44,44,44,44,45,44,44,45,46,45,46,45,46,46,44,46,46,45,44,47,45,46,46,45,44,45,45,45,45,44,45,45,45,44,44,46,44,44,43,45,45,44,43,44,45,44,44,44,44,46,45,45,44,47,46,","39,39,38,39,41,40,40,40,41,41,41,42,42,42,40,43,41,42,40,43,41,43,42,40,41,40,41,41,42,40,40,41,41,41,40,41,40,40,39,41,42,39,37,38,40,39,41,39,41,43,42,42,41,44,42,","fail","-0.7378647873726218"
"3CESM1J3FM4L63H2S5IR4MWVKK66WV","33RDX9IX0DI1EE6HRMQ3PAVIXWI3Q0","Optimal Image Compression","Determine the optimal compression level for images using sliders","image compression, slider","$0.50","Mon Mar 02 22:08:57 PST 2020","100","BatchId:3941286;OriginalHitTemplateId:928390855;","3600","259200","Mon Mar 16 23:08:57 PDT 2020","","","358UUM7WR342ORCF2NIEBLJWVNA7RM","ALU0OU4VQMLVF","Approved","Wed Mar 04 00:43:34 PST 2020","Wed Mar 04 01:12:34 PST 2020","Sat Mar 07 01:12:34 PST 2020","Wed Mar 04 12:07:40 PST 2020","","","1740","100% (1/1)","100% (1/1)","100% (1/1)","true","false","false","true","false","false","false","true","false","false","false","true","155","31,35,35,36,36,22,32,18,26,25,28,20,15,20,26,27,25,16,15,30,24,20,21,23,20,27,27,28,22,27,38,19,21,29,34,17,33,18,27,30,33,26,20,28,25,23,29,22,25,14,36,19,15,22,15,","16,19,29,24,22,12,18,11,15,16,14,11,8,12,15,21,19,11,6,18,16,10,13,14,14,17,20,19,10,16,19,11,12,17,19,9,23,10,17,13,25,13,12,19,10,12,15,11,14,7,20,15,8,11,8,","pass","0.9"
"3CESM1J3FM4L63H2S5IR4MWVKK66WV","33RDX9IX0DI1EE6HRMQ3PAVIXWI3Q0","Optimal Image Compression","Determine the optimal compression level for images using sliders","image compression, slider","$0.50","Mon Mar 02 22:08:57 PST 2020","100","BatchId:3941286;OriginalHitTemplateId:928390855;","3600","259200","Mon Mar 16 23:08:57 PDT 2020","","","36ZN444YTVZWGY1VTM578F40YDEOIW","AMH1Q03ZZHLAP","Approved","Tue Mar 03 00:10:39 PST 2020","Tue Mar 03 00:21:49 PST 2020","Fri Mar 06 00:21:49 PST 2020","Wed Mar 04 12:07:40 PST 2020","","","670","100% (1/1)","100% (1/1)","100% (1/1)","true","false","false","true","false","false","false","true","false","false","false","true","14","31,23,19,14,20,19,19,22,21,22,17,19,17,26,19,17,18,21,22,19,24,29,29,31,26,27,27,23,29,29,25,31,31,28,29,28,27,30,31,35,27,33,29,34,29,29,25,30,32,27,29,35,32,31,27,","15,9,13,10,13,13,11,17,15,16,13,13,12,15,13,11,12,11,14,14,16,23,19,23,21,20,22,19,23,23,20,25,24,23,24,24,23,26,24,27,20,25,24,28,24,22,20,21,20,20,23,27,26,25,20,","pass","0.8"
"3CESM1J3FM4L63H2S5IR4MWVKK66WV","33RDX9IX0DI1EE6HRMQ3PAVIXWI3Q0","Optimal Image Compression","Determine the optimal compression level for images using sliders","image compression, slider","$0.50","Mon Mar 02 22:08:57 PST 2020","100","BatchId:3941286;OriginalHitTemplateId:928390855;","3600","259200","Mon Mar 16 23:08:57 PDT 2020","","","378XPAWRUGE7EU7UJ30P7KKV909IAY","A19SVEKOD509DG","Approved","Wed Mar 04 04:35:22 PST 2020","Wed Mar 04 05:29:41 PST 2020","Sat Mar 07 05:29:41 PST 2020","Wed Mar 04 12:07:41 PST 2020","","","3259","100% (1/1)","100% (1/1)","100% (1/1)","true","false","false","true","false","false","false","true","false","false","false","true","167","38,33,33,34,32,34,26,29,30,27,25,29,28,28,27,27,29,27,25,24,25,27,26,27,31,31,29,30,31,34,30,32,28,29,25,36,36,29,30,28,28,33,32,33,35,33,37,40,32,38,37,34,34,41,36,","16,12,11,15,17,13,13,15,12,11,13,16,13,11,13,15,16,15,16,14,15,13,12,13,15,14,17,14,13,14,19,17,15,14,13,16,13,14,15,12,15,13,15,17,14,16,15,14,15,14,18,16,17,20,16,","pass","0.7071067811865475"
"3CESM1J3FM4L63H2S5IR4MWVKK66WV","33RDX9IX0DI1EE6HRMQ3PAVIXWI3Q0","Optimal Image Compression","Determine the optimal compression level for images using sliders","image compression, slider","$0.50","Mon Mar 02 22:08:57 PST 2020","100","BatchId:3941286;OriginalHitTemplateId:928390855;","3600","259200","Mon Mar 16 23:08:57 PDT 2020","","","37FMASSAYGSCX4CMPH0L2V41SKNBIK","A17FTRR2SK95W8","Submitted","Wed Mar 04 11:16:13 PST 2020","Wed Mar 04 11:48:26 PST 2020","Sat Mar 07 11:48:26 PST 2020","","","","1933","0% (0/0)","0% (0/0)","0% (0/0)","true","false","false","true","false","false","false","true","false","false","false","true","205","32,26,32,31,34,30,34,31,31,30,31,30,30,32,29,31,32,34,34,32,31,29,37,29,29,28,28,35,31,31,31,32,35,33,31,32,29,35,33,34,33,30,33,28,30,29,29,31,29,30,30,32,29,28,29,","23,19,20,22,23,20,23,20,22,21,21,20,20,22,21,24,23,24,22,23,22,22,28,21,21,20,19,26,23,20,22,22,23,24,22,21,18,25,24,24,24,21,22,17,21,19,17,19,20,20,20,21,19,18,21,","fail","0.35909242322980395"
"3CESM1J3FM4L63H2S5IR4MWVKK66WV","33RDX9IX0DI1EE6HRMQ3PAVIXWI3Q0","Optimal Image Compression","Determine the optimal compression level for images using sliders","image compression, slider","$0.50","Mon Mar 02 22:08:57 PST 2020","100","BatchId:3941286;OriginalHitTemplateId:928390855;","3600","259200","Mon Mar 16 23:08:57 PDT 2020","","","37QW5D2ZRKNIPKHBRHAPFVKNS6Q8SJ","A2S32VZ1BDUHNX","Submitted","Tue Mar 03 05:19:04 PST 2020","Tue Mar 03 05:42:40 PST 2020","Fri Mar 06 05:42:40 PST 2020","","","","1416","0% (0/0)","0% (0/0)","0% (0/0)","true","false","false","true","false","false","false","true","false","false","false","true","49","23,16,16,21,25,21,25,19,30,19,24,29,27,28,25,27,31,31,35,31,35,31,35,31,27,27,27,31,28,25,30,28,29,30,32,30,26,23,25,27,28,29,32,33,29,33,28,26,37,29,25,22,23,27,31,","14,12,11,18,12,12,15,15,16,13,17,21,17,18,16,17,19,22,26,24,28,15,28,24,16,18,17,24,16,19,19,22,21,19,19,19,19,16,17,18,18,23,23,26,21,21,20,16,32,19,16,14,14,21,19,","fail","0.5642880936468347"
"3CESM1J3FM4L63H2S5IR4MWVKK66WV","33RDX9IX0DI1EE6HRMQ3PAVIXWI3Q0","Optimal Image Compression","Determine the optimal compression level for images using sliders","image compression, slider","$0.50","Mon Mar 02 22:08:57 PST 2020","100","BatchId:3941286;OriginalHitTemplateId:928390855;","3600","259200","Mon Mar 16 23:08:57 PDT 2020","","","38F71OA9GXXO64ETFYK9DE23NLVFM5","A3168PXCQ3F587","Approved","Tue Mar 03 06:18:37 PST 2020","Tue Mar 03 07:03:33 PST 2020","Fri Mar 06 07:03:33 PST 2020","Tue Mar 03 09:21:28 PST 2020","","","2696","100% (1/1)","100% (1/1)","100% (1/1)","true","false","false","true","false","false","false","true","false","false","false","true","56","33,43,33,44,31,33,37,35,42,39,45,34,41,34,38,35,37,39,38,37,34,35,38,36,41,40,39,41,37,38,45,44,37,40,36,44,40,40,41,39,44,43,43,44,39,41,40,42,40,39,45,44,46,40,41,","31,40,28,41,26,25,32,32,37,33,38,29,38,31,34,28,34,33,30,31,26,29,34,33,36,36,34,32,31,26,42,37,31,34,30,35,37,33,35,35,39,35,37,37,33,34,32,34,33,32,41,40,38,34,35,","pass","0.9746794344808964"
"3CESM1J3FM4L63H2S5IR4MWVKK66WV","33RDX9IX0DI1EE6HRMQ3PAVIXWI3Q0","Optimal Image Compression","Determine the optimal compression level for images using sliders","image compression, slider","$0.50","Mon Mar 02 22:08:57 PST 2020","100","BatchId:3941286;OriginalHitTemplateId:928390855;","3600","259200","Mon Mar 16 23:08:57 PDT 2020","","","38F71OA9GXXO64ETFYK9DE23NO4MFR","A1HDD2B9I6D33I","Submitted","Tue Mar 03 16:55:49 PST 2020","Tue Mar 03 17:30:59 PST 2020","Fri Mar 06 17:30:59 PST 2020","","","","2110","0% (0/0)","0% (0/0)","0% (0/0)","true","false","false","true","false","false","false","true","false","false","false","true","126","25,27,26,28,27,20,17,19,20,17,17,14,16,18,17,19,23,19,15,19,21,18,19,19,15,15,14,16,14,16,16,18,21,16,17,16,19,16,14,16,12,17,14,23,19,19,20,15,17,13,13,18,15,18,18,","10,17,21,15,23,18,8,12,11,12,11,10,12,5,13,13,12,13,11,13,13,12,15,12,13,9,10,12,12,12,12,15,13,13,11,10,11,11,10,10,10,12,9,18,17,9,16,11,11,9,8,9,12,9,12,","pass","0.8"
"3CESM1J3FM4L63H2S5IR4MWVKK66WV","33RDX9IX0DI1EE6HRMQ3PAVIXWI3Q0","Optimal Image Compression","Determine the optimal compression level for images using sliders","image compression, slider","$0.50","Mon Mar 02 22:08:57 PST 2020","100","BatchId:3941286;OriginalHitTemplateId:928390855;","3600","259200","Mon Mar 16 23:08:57 PDT 2020","","","39LNWE0K4YXRT3LSP8HG7LWPG08UIN","A1KDLFA5CH937Y","Submitted","Tue Mar 03 09:20:40 PST 2020","Tue Mar 03 09:52:33 PST 2020","Fri Mar 06 09:52:33 PST 2020","","","","1913","0% (0/0)","0% (0/0)","0% (0/0)","true","false","false","true","false","false","false","true","false","false","false","true","80","23,14,21,24,28,29,22,24,15,17,14,17,16,15,17,18,18,22,19,18,17,19,16,17,15,22,17,35,23,20,17,14,17,18,15,15,15,14,15,16,15,19,13,18,14,16,15,21,19,23,17,14,13,18,16,","15,9,6,12,20,20,13,18,10,14,8,11,7,8,11,12,13,13,11,10,8,8,9,8,7,14,9,26,13,9,7,11,11,8,6,10,10,7,8,8,8,12,8,11,10,7,10,12,8,13,7,6,7,9,9,","pass","0.7"
"3CESM1J3FM4L63H2S5IR4MWVKK66WV","33RDX9IX0DI1EE6HRMQ3PAVIXWI3Q0","Optimal Image Compression","Determine the optimal compression level for images using sliders","image compression, slider","$0.50","Mon Mar 02 22:08:57 PST 2020","100","BatchId:3941286;OriginalHitTemplateId:928390855;","3600","259200","Mon Mar 16 23:08:57 PDT 2020","","","39LNWE0K4YXRT3LSP8HG7LWPG0RUI6","A184QT800OEOMI","Submitted","Tue Mar 03 06:28:32 PST 2020","Tue Mar 03 07:04:39 PST 2020","Fri Mar 06 07:04:39 PST 2020","","","","2167","0% (0/0)","0% (0/0)","0% (0/0)","true","false","false","true","false","false","false","true","false","false","false","true","60","35,20,24,27,18,27,23,21,22,21,16,24,22,19,23,13,26,25,28,28,22,32,27,19,24,17,23,22,29,26,20,25,28,28,23,25,26,25,22,24,27,25,31,30,27,26,25,24,28,28,27,25,23,26,22,","25,15,15,20,9,17,14,15,14,15,14,20,15,14,18,9,17,20,22,22,17,22,21,13,19,11,19,16,20,19,13,20,21,22,19,21,20,17,18,19,22,18,23,22,21,18,16,18,21,23,20,21,19,16,17,","fail","-0.1"
"3CESM1J3FM4L63H2S5IR4MWVKK66WV","33RDX9IX0DI1EE6HRMQ3PAVIXWI3Q0","Optimal Image Compression","Determine the optimal compression level for images using sliders","image compression, slider","$0.50","Mon Mar 02 22:08:57 PST 2020","100","BatchId:3941286;OriginalHitTemplateId:928390855;","3600","259200","Mon Mar 16 23:08:57 PDT 2020","","","39N5ACM9HIOLQXKT4SC9KMANPXBP9T","A1NXH8HY80KG6G","Approved","Wed Mar 04 11:16:36 PST 2020","Wed Mar 04 11:36:34 PST 2020","Sat Mar 07 11:36:34 PST 2020","Wed Mar 04 12:07:41 PST 2020","","","1198","100% (1/1)","100% (1/1)","100% (1/1)","true","false","false","true","false","false","false","true","false","false","false","true","206","20,26,27,25,27,28,41,28,32,24,26,12,21,27,16,18,26,25,23,18,28,24,27,17,21,17,31,38,28,23,20,26,30,21,19,19,32,37,38,43,31,31,35,23,30,26,31,22,22,26,44,31,32,26,26,","12,15,22,20,16,21,38,23,23,14,18,9,15,18,11,11,20,16,12,12,18,13,27,14,15,14,27,19,18,15,13,20,19,16,15,14,31,28,26,32,29,23,27,17,19,18,23,16,17,20,36,23,27,15,18,","pass","0.9"
"3CESM1J3FM4L63H2S5IR4MWVKK66WV","33RDX9IX0DI1EE6HRMQ3PAVIXWI3Q0","Optimal Image Compression","Determine the optimal compression level for images using sliders","image compression, slider","$0.50","Mon Mar 02 22:08:57 PST 2020","100","BatchId:3941286;OriginalHitTemplateId:928390855;","3600","259200","Mon Mar 16 23:08:57 PDT 2020","","","3A1COHJ8NNWTZB3VGNYQBHDLJXZ8HS","A2XT7UF34LKT21","Submitted","Tue Mar 03 12:49:04 PST 2020","Tue Mar 03 13:26:04 PST 2020","Fri Mar 06 13:26:04 PST 2020","","","","2220","0% (0/0)","0% (0/0)","0% (0/0)","true","false","false","true","false","false","false","true","false","false","false","true","99","33,29,29,23,16,18,22,27,19,20,25,13,15,16,17,25,30,21,19,19,25,24,19,22,19,18,30,18,27,20,24,26,24,12,16,28,20,17,22,12,31,18,25,24,26,25,21,24,17,14,19,27,24,20,27,","23,14,16,9,11,9,19,20,14,17,13,11,12,8,9,9,12,14,12,12,16,16,14,13,16,12,16,12,23,13,11,22,11,11,14,15,19,12,17,6,18,14,18,16,19,21,11,16,11,6,13,13,17,14,14,","fail","0.4616902584383194"
"3CESM1J3FM4L63H2S5IR4MWVKK66WV","33RDX9IX0DI1EE6HRMQ3PAVIXWI3Q0","Optimal Image Compression","Determine the optimal compression level for images using sliders","image compression, slider","$0.50","Mon Mar 02 22:08:57 PST 2020","100","BatchId:3941286;OriginalHitTemplateId:928390855;","3600","259200","Mon Mar 16 23:08:57 PDT 2020","","","3CFJTT4SXXRPVS9WC0O5XTI58O4I70","A2UHK8HUXXMSVM","Submitted","Tue Mar 03 00:06:51 PST 2020","Tue Mar 03 00:29:52 PST 2020","Fri Mar 06 00:29:52 PST 2020","","","","1381","0% (0/0)","0% (0/0)","0% (0/0)","true","false","false","true","false","false","false","true","false","false","false","true","13","41,34,41,35,50,48,46,45,46,44,45,44,43,44,44,47,42,46,44,42,43,41,46,44,44,46,42,45,41,43,41,41,42,42,43,44,44,44,41,41,33,39,39,43,42,38,39,39,45,40,44,43,45,44,43,","37,30,32,31,50,47,45,41,43,37,43,42,39,41,42,44,38,42,41,40,39,39,44,41,42,44,39,41,35,37,37,37,37,39,40,41,41,41,37,37,30,37,36,37,35,36,37,34,41,36,40,38,37,41,41,","fail","-0.5773502691896257"
"3CESM1J3FM4L63H2S5IR4MWVKK66WV","33RDX9IX0DI1EE6HRMQ3PAVIXWI3Q0","Optimal Image Compression","Determine the optimal compression level for images using sliders","image compression, slider","$0.50","Mon Mar 02 22:08:57 PST 2020","100","BatchId:3941286;OriginalHitTemplateId:928390855;","3600","259200","Mon Mar 16 23:08:57 PDT 2020","","","3E4GGUZ1TCS9FM2E6RSMEIGAPFAK26","AQEY6VQAKDBMI","Submitted","Tue Mar 03 18:24:37 PST 2020","Tue Mar 03 18:58:54 PST 2020","Fri Mar 06 18:58:54 PST 2020","","","","2057","0% (0/0)","0% (0/0)","0% (0/0)","true","false","false","true","false","false","false","true","false","false","false","true","133","15,15,18,16,16,18,17,14,17,11,18,16,20,10,15,14,9,20,18,16,26,16,16,17,13,20,18,14,15,10,16,16,18,12,12,23,13,21,22,12,14,19,24,26,23,18,19,19,29,15,18,16,16,17,16,","15,14,17,14,16,15,17,12,17,11,18,14,19,10,11,12,9,19,16,16,24,16,16,12,10,18,18,14,14,9,16,14,16,12,12,21,13,21,18,9,12,16,22,23,16,18,17,18,23,12,17,15,15,16,16,","pass","0.6668859288553503"
"3CESM1J3FM4L63H2S5IR4MWVKK66WV","33RDX9IX0DI1EE6HRMQ3PAVIXWI3Q0","Optimal Image Compression","Determine the optimal compression level for images using sliders","image compression, slider","$0.50","Mon Mar 02 22:08:57 PST 2020","100","BatchId:3941286;OriginalHitTemplateId:928390855;","3600","259200","Mon Mar 16 23:08:57 PDT 2020","","","3EICBYG648XR2KOYLZHGPGPJMF4CJL","A1DKS1KI6S93HF","Submitted","Tue Mar 03 10:14:18 PST 2020","Tue Mar 03 10:53:43 PST 2020","Fri Mar 06 10:53:43 PST 2020","","","","2365","0% (0/0)","0% (0/0)","0% (0/0)","true","false","false","true","false","false","false","true","false","false","false","true","87","16,12,18,11,12,16,10,10,10,13,12,11,16,8,9,12,10,10,11,12,12,12,11,8,12,11,14,11,15,12,11,15,15,14,12,17,12,14,12,9,12,14,14,12,11,13,13,13,16,15,12,11,14,11,13,","8,9,7,9,8,9,8,9,7,12,11,10,13,7,5,10,7,10,10,8,10,10,7,6,11,8,12,10,12,10,10,12,8,11,10,15,10,11,10,8,10,12,12,10,10,11,11,11,13,13,10,9,10,10,11,","pass","0.7181848464596079"
"3CESM1J3FM4L63H2S5IR4MWVKK66WV","33RDX9IX0DI1EE6HRMQ3PAVIXWI3Q0","Optimal Image Compression","Determine the optimal compression level for images using sliders","image compression, slider","$0.50","Mon Mar 02 22:08:57 PST 2020","100","BatchId:3941286;OriginalHitTemplateId:928390855;","3600","259200","Mon Mar 16 23:08:57 PDT 2020","","","3F6KKYWMNF2XQ2LX0T4J2TOIGXNNDY","A36XG2BJZH6ZKJ","Submitted","Mon Mar 02 22:09:59 PST 2020","Mon Mar 02 22:29:52 PST 2020","Thu Mar 05 22:29:52 PST 2020","","","","1193","0% (0/0)","0% (0/0)","0% (0/0)","true","false","false","true","false","false","false","true","false","false","false","true","1","35,28,37,36,34,37,36,34,38,33,38,24,34,33,33,35,37,35,33,32,32,34,31,30,32,42,32,34,30,29,31,26,27,30,31,34,34,35,38,29,37,34,25,35,36,26,26,30,30,32,32,30,26,29,23,","19,15,15,25,18,17,22,25,23,20,26,20,21,17,18,16,17,20,20,21,19,19,17,15,17,23,17,19,14,16,21,19,12,16,14,20,16,20,20,15,17,22,17,17,25,24,11,20,18,21,21,18,15,16,11,","fail","0.35909242322980395"
"3CESM1J3FM4L63H2S5IR4MWVKK66WV","33RDX9IX0DI1EE6HRMQ3PAVIXWI3Q0","Optimal Image Compression","Determine the optimal compression level for images using sliders","image compression, slider","$0.50","Mon Mar 02 22:08:57 PST 2020","100","BatchId:3941286;OriginalHitTemplateId:928390855;","3600","259200","Mon Mar 16 23:08:57 PDT 2020","","","3FK0YFF9P3HWSOUST5Q4IWO22CWVVZ","A90TIGJB3RDNW","Submitted","Wed Mar 04 02:07:09 PST 2020","Wed Mar 04 02:25:36 PST 2020","Sat Mar 07 02:25:36 PST 2020","","","","1107","0% (0/0)","0% (0/0)","0% (0/0)","true","false","false","true","false","false","false","true","false","false","false","true","163","32,24,20,31,24,31,13,23,28,30,22,20,27,37,22,20,26,26,26,23,23,20,24,25,19,27,34,27,29,21,21,17,23,24,12,18,17,20,15,20,11,22,23,19,18,19,17,21,18,11,17,19,20,22,24,","26,16,17,25,19,22,11,21,24,21,20,17,25,31,20,18,15,19,25,18,15,16,14,23,12,20,26,19,21,15,14,12,15,15,10,16,11,15,12,10,8,17,13,14,13,13,11,13,11,9,13,16,17,18,16,","fail","-0.1"
"3CESM1J3FM4L63H2S5IR4MWVKK66WV","33RDX9IX0DI1EE6HRMQ3PAVIXWI3Q0","Optimal Image Compression","Determine the optimal compression level for images using sliders","image compression, slider","$0.50","Mon Mar 02 22:08:57 PST 2020","100","BatchId:3941286;OriginalHitTemplateId:928390855;","3600","259200","Mon Mar 16 23:08:57 PDT 2020","","","3FUI0JHJP1ZS46QQPLESG640K5Q33N","A35Z26O6F9KKO5","Approved","Tue Mar 03 08:15:28 PST 2020","Tue Mar 03 08:36:12 PST 2020","Fri Mar 06 08:36:12 PST 2020","Tue Mar 03 09:21:28 PST 2020","","","1244","100% (1/1)","100% (1/1)","100% (1/1)","true","false","false","true","false","false","false","true","false","false","false","true","73","28,35,35,26,26,25,28,29,27,30,31,34,15,33,29,21,24,23,26,25,27,27,28,23,29,30,28,26,28,24,25,29,33,18,26,29,36,44,34,31,20,21,21,24,35,35,36,42,20,35,35,15,25,35,50,","19,23,24,19,19,15,21,24,22,27,28,27,14,30,21,10,17,19,21,22,23,22,24,16,15,20,22,20,23,18,19,24,27,13,24,26,31,40,31,26,12,17,18,19,31,30,33,30,17,27,30,10,20,28,22,","pass","0.6668859288553503"
"3CESM1J3FM4L63H2S5IR4MWVKK66WV","33RDX9IX0DI1EE6HRMQ3PAVIXWI3Q0","Optimal Image Compression","Determine the optimal compression level for images using sliders","image compression, slider","$0.50","Mon Mar 02 22:08:57 PST 2020","100","BatchId:3941286;OriginalHitTemplateId:928390855;","3600","259200","Mon Mar 16 23:08:57 PDT 2020","","","3G2UL9A02HF928EVAZFG0QS0ZXD76Z","A3ABJN1IL7UCZ8","Approved","Tue Mar 03 01:31:56 PST 2020","Tue Mar 03 02:05:32 PST 2020","Fri Mar 06 02:05:32 PST 2020","Tue Mar 03 09:21:28 PST 2020","","","2016","100% (1/1)","100% (1/1)","100% (1/1)","true","false","false","true","false","false","false","true","false","false","false","true","20","30,27,29,27,27,24,30,28,21,24,25,24,28,22,29,25,26,24,32,25,31,23,22,37,22,26,20,26,20,23,27,29,30,28,29,31,33,38,33,40,26,27,34,34,31,34,33,21,27,35,34,26,25,25,26,","20,15,13,12,18,13,15,14,7,16,12,9,15,10,16,17,18,12,12,13,15,11,11,18,7,12,13,16,13,11,14,12,16,14,14,15,18,19,21,24,16,14,14,16,16,20,22,10,14,18,23,10,15,15,11,","pass","0.7"
"3CESM1J3FM4L63H2S5IR4MWVKK66WV","33RDX9IX0DI1EE6HRMQ3PAVIXWI3Q0","Optimal Image Compression","Determine the optimal compression level for images using sliders","image compression, slider","$0.50","Mon Mar 02 22:08:57 PST 2020","100","BatchId:3941286;OriginalHitTemplateId:928390855;","3600","259200","Mon Mar 16 23:08:57 PDT 2020","","","3GA6AFUKOSP7YEXP463UK05A3AO3HA","A1Q2O5DP3M49BL","Submitted","Tue Mar 03 10:26:16 PST 2020","Tue Mar 03 10:52:39 PST 2020","Fri Mar 06 10:52:39 PST 2020","","","","1583","0% (0/0)","0% (0/0)","0% (0/0)","true","false","false","true","false","false","false","true","false","false","false","true","91","41,44,30,42,41,37,35,40,43,45,35,36,40,46,47,31,40,44,40,37,36,38,38,43,36,36,44,40,38,44,40,43,43,43,47,40,44,43,38,43,41,42,40,38,44,42,41,44,39,44,41,42,46,45,45,","37,33,26,36,28,21,28,32,34,38,22,34,36,40,36,22,38,35,38,34,30,34,27,36,24,28,30,30,35,40,35,37,37,33,39,36,37,36,31,36,39,35,37,36,35,38,34,39,36,35,36,36,41,39,39,","fail","0.1"
"3CESM1J3FM4L63H2S5IR4MWVKK66WV","33RDX9IX0DI1EE6HRMQ3PAVIXWI3Q0","Optimal Image Compression","Determine the optimal compression level for images using sliders","image compression, slider","$0.50","Mon Mar 02 22:08:57 PST 2020","100","BatchId:3941286;OriginalHitTemplateId:928390855;","3600","259200","Mon Mar 16 23:08:57 PDT 2020","","","3GDTJDAPVYCFRP467KE33MLH0KOM87","ACQSC7SQC9U7Z","Approved","Tue Mar 03 16:11:37 PST 2020","Tue Mar 03 16:35:28 PST 2020","Fri Mar 06 16:35:28 PST 2020","Wed Mar 04 12:07:41 PST 2020","","","1431","100% (1/1)","100% (1/1)","100% (1/1)","true","false","false","true","false","false","false","true","false","false","false","true","120","33,31,36,30,39,29,25,36,29,27,41,34,39,44,42,44,43,44,37,44,41,38,43,44,44,37,31,41,34,28,32,27,40,42,35,36,31,35,38,37,35,31,33,40,40,44,45,43,34,27,38,40,41,33,40,","27,26,32,25,35,25,21,31,26,23,33,29,36,39,38,41,39,40,33,42,37,34,39,39,41,32,28,38,31,27,28,23,34,39,31,31,28,33,35,34,32,28,31,35,36,43,39,40,30,25,36,37,37,28,38,","pass","0.8"
"3CESM1J3FM4L63H2S5IR4MWVKK66WV","33RDX9IX0DI1EE6HRMQ3PAVIXWI3Q0","Optimal Image Compression","Determine the optimal compression level for images using sliders","image compression, slider","$0.50","Mon Mar 02 22:08:57 PST 2020","100","BatchId:3941286;OriginalHitTemplateId:928390855;","3600","259200","Mon Mar 16 23:08:57 PDT 2020","","","3GNCZX450MOZVGUYWYQ9GHL7VDNPAY","A13A2W2G3M683C","Submitted","Tue Mar 03 22:40:22 PST 2020","Tue Mar 03 23:36:57 PST 2020","Fri Mar 06 23:36:57 PST 2020","","","","3395","0% (0/0)","0% (0/0)","0% (0/0)","true","false","false","true","false","false","false","true","false","false","false","true","150","22,22,29,20,28,26,30,30,26,22,21,22,24,21,35,22,28,32,29,23,27,27,25,31,22,24,21,31,20,24,25,20,24,17,21,20,25,18,22,25,22,20,18,21,35,28,24,21,22,29,24,14,20,31,23,","16,16,18,10,23,21,15,24,19,12,12,15,17,15,26,15,16,23,23,15,16,14,15,22,15,11,10,19,10,12,14,8,12,10,14,13,6,12,15,11,12,11,12,14,19,14,10,9,9,20,11,9,10,18,12,","fail","0.35909242322980395"
"3CESM1J3FM4L63H2S5IR4MWVKK66WV","33RDX9IX0DI1EE6HRMQ3PAVIXWI3Q0","Optimal Image Compression","Determine the optimal compression level for images using sliders","image compression, slider","$0.50","Mon Mar 02 22:08:57 PST 2020","100","BatchId:3941286;OriginalHitTemplateId:928390855;","3600","259200","Mon Mar 16 23:08:57 PDT 2020","","","3H0W84IWBO3NX6RPPVWKHVBDHC3REL","A3BWL72DFRTYZ4","Approved","Wed Mar 04 10:11:05 PST 2020","Wed Mar 04 10:53:35 PST 2020","Sat Mar 07 10:53:35 PST 2020","Wed Mar 04 12:07:41 PST 2020","","","2550","100% (1/1)","100% (1/1)","100% (1/1)","true","false","false","true","false","false","false","true","false","false","false","true","202","41,31,31,32,31,23,30,32,33,24,22,26,34,29,24,33,33,24,21,16,21,22,17,17,17,15,22,22,21,16,15,13,18,16,24,24,14,19,15,23,26,32,25,25,32,32,26,26,23,25,25,28,27,23,26,","33,26,23,25,22,18,23,27,23,17,15,18,25,17,15,29,27,16,12,13,15,15,12,12,13,10,17,18,10,10,11,6,16,12,18,19,11,12,12,12,19,25,13,14,21,26,18,18,15,18,16,19,21,20,20,","pass","0.7181848464596079"
"3CESM1J3FM4L63H2S5IR4MWVKK66WV","33RDX9IX0DI1EE6HRMQ3PAVIXWI3Q0","Optimal Image Compression","Determine the optimal compression level for images using sliders","image compression, slider","$0.50","Mon Mar 02 22:08:57 PST 2020","100","BatchId:3941286;OriginalHitTemplateId:928390855;","3600","259200","Mon Mar 16 23:08:57 PDT 2020","","","3HVVDCPGTITYJQL8TLD9OD4BN84TYC","A2M8LILG4AII22","Submitted","Wed Mar 04 06:22:12 PST 2020","Wed Mar 04 06:56:52 PST 2020","Sat Mar 07 06:56:52 PST 2020","","","","2080","0% (0/0)","0% (0/0)","0% (0/0)","true","false","false","true","false","false","false","true","false","false","false","true","177","26,28,24,26,22,24,21,22,23,22,27,27,23,21,26,26,22,26,15,24,24,29,22,23,19,21,20,27,20,24,23,20,20,28,22,22,22,21,19,21,23,22,22,23,25,27,25,26,22,21,18,22,26,23,24,","14,19,18,15,10,17,15,15,14,14,14,16,13,11,17,14,17,16,12,14,14,18,13,13,13,11,12,17,12,12,14,10,13,14,14,13,11,13,12,11,13,12,13,12,17,15,17,15,18,10,11,14,15,16,15,","fail","0.15389675281277312"
"3CESM1J3FM4L63H2S5IR4MWVKK66WV","33RDX9IX0DI1EE6HRMQ3PAVIXWI3Q0","Optimal Image Compression","Determine the optimal compression level for images using sliders","image compression, slider","$0.50","Mon Mar 02 22:08:57 PST 2020","100","BatchId:3941286;OriginalHitTemplateId:928390855;","3600","259200","Mon Mar 16 23:08:57 PDT 2020","","","3IFS6Q0HJMKBEQTO03MGSKE1V2ASIQ","A3HWIDZ2MRAKTX","Submitted","Mon Mar 02 23:10:23 PST 2020","Mon Mar 02 23:26:06 PST 2020","Thu Mar 05 23:26:06 PST 2020","","","","943","0% (0/0)","0% (0/0)","0% (0/0)","true","false","false","true","false","false","false","true","false","false","false","true","8","50,43,42,37,42,44,40,43,41,41,42,44,38,44,42,40,40,41,40,42,39,42,43,39,44,38,44,42,43,39,42,39,43,43,40,41,44,43,40,40,40,41,42,41,41,43,40,41,39,43,42,42,42,44,42,","48,37,36,30,35,37,35,37,33,33,36,36,32,35,37,34,35,35,34,36,34,36,36,33,38,34,37,35,37,34,36,32,35,36,34,34,37,35,34,35,34,38,35,35,32,36,34,37,34,36,35,34,35,38,35,","fail","0.30779350562554625"
"3CESM1J3FM4L63H2S5IR4MWVKK66WV","33RDX9IX0DI1EE6HRMQ3PAVIXWI3Q0","Optimal Image Compression","Determine the optimal compression level for images using sliders","image compression, slider","$0.50","Mon Mar 02 22:08:57 PST 2020","100","BatchId:3941286;OriginalHitTemplateId:928390855;","3600","259200","Mon Mar 16 23:08:57 PDT 2020","","","3ITXP059P0K791DUIL7G4LT18J8JS6","A1G6FOCQ4G967A","Submitted","Tue Mar 03 11:35:57 PST 2020","Tue Mar 03 12:03:47 PST 2020","Fri Mar 06 12:03:47 PST 2020","","","","1670","0% (0/0)","0% (0/0)","0% (0/0)","true","false","false","true","false","false","false","true","false","false","false","true","97","15,12,17,16,18,18,16,15,17,18,16,17,17,15,19,17,15,17,18,17,16,16,17,18,15,18,14,20,17,16,17,16,17,18,17,15,18,19,17,18,19,17,15,16,16,18,17,19,17,17,15,17,14,17,18,","9,9,9,10,10,9,9,8,9,9,9,8,10,8,10,8,9,11,8,11,10,8,10,11,9,8,9,9,10,9,11,12,13,12,11,10,9,12,10,9,9,9,9,10,9,10,9,10,11,10,9,11,9,11,11,","fail","0.10259783520851541"
"3CESM1J3FM4L63H2S5IR4MWVKK66WV","33RDX9IX0DI1EE6HRMQ3PAVIXWI3Q0","Optimal Image Compression","Determine the optimal compression level for images using sliders","image compression, slider","$0.50","Mon Mar 02 22:08:57 PST 2020","100","BatchId:3941286;OriginalHitTemplateId:928390855;","3600","259200","Mon Mar 16 23:08:57 PDT 2020","","","3J88R45B2KZBRT2R78IN0PW5W04PXE","A2SMAQ5NY3Y7IN","Submitted","Wed Mar 04 07:53:55 PST 2020","Wed Mar 04 08:46:17 PST 2020","Sat Mar 07 08:46:17 PST 2020","","","","3142","0% (0/0)","0% (0/0)","0% (0/0)","true","false","false","true","false","false","false","true","false","false","false","true","187","32,31,39,39,36,40,32,27,38,40,37,34,33,34,36,35,36,33,37,31,32,36,32,32,42,34,36,34,40,38,36,38,36,38,34,36,36,40,35,38,36,34,31,42,36,35,35,37,38,37,40,40,38,43,43,","17,23,29,22,12,24,15,15,23,28,21,19,15,10,17,21,19,23,18,14,24,21,15,14,20,12,17,14,21,16,23,19,21,22,18,14,27,19,19,20,21,16,20,24,19,19,21,18,17,20,21,19,19,28,27,","fail","0.1"
"3CESM1J3FM4L63H2S5IR4MWVKK66WV","33RDX9IX0DI1EE6HRMQ3PAVIXWI3Q0","Optimal Image Compression","Determine the optimal compression level for images using sliders","image compression, slider","$0.50","Mon Mar 02 22:08:57 PST 2020","100","BatchId:3941286;OriginalHitTemplateId:928390855;","3600","259200","Mon Mar 16 23:08:57 PDT 2020","","","3JAOYWH7VM5VZC5VC0J23513KKW9LV","APA19GEH985YZ","Approved","Tue Mar 03 13:04:10 PST 2020","Tue Mar 03 13:37:28 PST 2020","Fri Mar 06 13:37:28 PST 2020","Wed Mar 04 12:07:41 PST 2020","","","1998","100% (1/1)","100% (1/1)","100% (1/1)","true","false","false","true","false","false","false","true","false","false","false","true","101","31,25,26,25,26,26,28,25,29,27,22,30,32,33,23,25,29,30,29,30,25,22,28,25,30,33,30,29,23,26,30,30,30,33,29,33,29,28,31,25,27,23,32,29,30,25,31,25,28,29,38,35,32,34,26,","24,19,16,20,18,22,20,17,20,17,14,23,19,29,15,14,18,21,21,17,18,17,23,15,19,23,23,22,18,18,19,21,26,21,20,22,16,18,25,18,16,17,29,20,18,18,19,17,21,17,29,28,25,25,20,","pass","0.9746794344808964"
"3CESM1J3FM4L63H2S5IR4MWVKK66WV","33RDX9IX0DI1EE6HRMQ3PAVIXWI3Q0","Optimal Image Compression","Determine the optimal compression level for images using sliders","image compression, slider","$0.50","Mon Mar 02 22:08:57 PST 2020","100","BatchId:3941286;OriginalHitTemplateId:928390855;","3600","259200","Mon Mar 16 23:08:57 PDT 2020","","","3JJVG1YBEFY0LGH7IXHRDM0WMSYB5E","A3LWEHXKCGTLNI","Submitted","Tue Mar 03 04:29:19 PST 2020","Tue Mar 03 04:45:16 PST 2020","Fri Mar 06 04:45:16 PST 2020","","","","957","0% (0/0)","0% (0/0)","0% (0/0)","true","false","false","true","false","false","false","true","false","false","false","true","46","33,30,34,31,31,34,30,30,31,31,30,30,31,31,31,30,31,31,31,33,30,31,28,29,29,31,30,30,30,30,30,30,29,28,30,30,30,30,30,29,29,29,30,27,30,32,29,30,29,30,30,30,30,30,30,","25,21,24,22,22,23,20,20,22,21,20,21,20,21,21,20,22,22,21,23,20,22,21,16,19,20,21,21,20,20,20,21,20,20,20,21,20,22,20,20,20,19,20,19,22,21,19,21,20,21,19,20,22,20,21,","fail","-0.8944271909999159"
"3CESM1J3FM4L63H2S5IR4MWVKK66WV","33RDX9IX0DI1EE6HRMQ3PAVIXWI3Q0","Optimal Image Compression","Determine the optimal compression level for images using sliders","image compression, slider","$0.50","Mon Mar 02 22:08:57 PST 2020","100","BatchId:3941286;OriginalHitTemplateId:928390855;","3600","259200","Mon Mar 16 23:08:57 PDT 2020","","","3JJVG1YBEFY0LGH7IXHRDM0WMV95BP","A34Y49ADTY1PS","Submitted","Tue Mar 03 23:19:20 PST 2020","Tue Mar 03 23:51:54 PST 2020","Fri Mar 06 23:51:54 PST 2020","","","","1954","0% (0/0)","0% (0/0)","0% (0/0)","true","false","false","true","false","false","false","true","false","false","false","true","152","36,41,24,21,20,18,13,16,35,19,31,16,31,22,31,16,34,28,12,25,29,17,16,18,25,24,18,16,27,39,27,33,14,13,14,17,37,25,28,20,34,17,20,17,16,21,30,24,24,33,32,28,10,26,28,","25,27,16,15,13,9,8,10,20,13,19,10,19,18,18,14,27,19,11,13,17,15,10,14,16,14,15,11,23,32,14,30,11,9,11,13,29,13,26,16,32,10,16,11,13,17,24,16,15,15,30,16,7,15,21,","pass","0.6668859288553503"
"3CESM1J3FM4L63H2S5IR4MWVKK66WV","33RDX9IX0DI1EE6HRMQ3PAVIXWI3Q0","Optimal Image Compression","Determine the optimal compression level for images using sliders","image compression, slider","$0.50","Mon Mar 02 22:08:57 PST 2020","100","BatchId:3941286;OriginalHitTemplateId:928390855;","3600","259200","Mon Mar 16 23:08:57 PDT 2020","","","3JZQSN0I3UBOEUI74VME09I6R2BFGV","AIDQE4XRUEMZD","Submitted","Tue Mar 03 21:27:39 PST 2020","Tue Mar 03 21:51:32 PST 2020","Fri Mar 06 21:51:32 PST 2020","","","","1433","0% (0/0)","0% (0/0)","0% (0/0)","true","false","false","true","false","false","false","true","false","false","false","true","143","29,30,28,31,21,28,24,30,19,27,26,27,29,28,32,30,27,31,31,30,29,31,28,25,26,29,31,30,29,30,30,28,26,31,29,29,27,29,28,22,25,34,27,29,29,27,30,30,34,29,25,22,31,22,29,","16,23,16,16,13,13,15,20,13,19,14,14,14,18,18,16,17,22,17,18,12,17,18,13,18,20,15,16,15,18,20,16,13,26,20,18,20,18,19,10,16,22,19,18,18,15,16,17,20,17,15,15,17,18,20,","pass","0.9746794344808964"
"3CESM1J3FM4L63H2S5IR4MWVKK66WV","33RDX9IX0DI1EE6HRMQ3PAVIXWI3Q0","Optimal Image Compression","Determine the optimal compression level for images using sliders","image compression, slider","$0.50","Mon Mar 02 22:08:57 PST 2020","100","BatchId:3941286;OriginalHitTemplateId:928390855;","3600","259200","Mon Mar 16 23:08:57 PDT 2020","","","3KIBXJ1WD9VNMTRJTPQJLVJDQL5OKH","A3S5EUWIWR7KN9","Submitted","Wed Mar 04 05:44:16 PST 2020","Wed Mar 04 06:05:31 PST 2020","Sat Mar 07 06:05:31 PST 2020","","","","1275","0% (0/0)","0% (0/0)","0% (0/0)","true","false","false","true","false","false","false","true","false","false","false","true","171","14,13,10,11,17,9,19,12,7,11,14,19,13,12,11,15,16,8,19,10,11,18,13,10,9,13,6,5,10,10,10,12,12,9,14,14,10,11,12,25,25,11,20,12,10,15,11,6,12,17,25,20,17,18,24,","14,7,6,10,16,6,8,5,7,8,6,13,9,7,9,11,13,8,15,7,8,9,8,10,5,5,5,5,8,5,8,10,11,5,12,12,8,10,10,22,22,8,14,10,10,13,8,4,10,13,23,16,13,14,19,","fail","0.5642880936468347"
"3CESM1J3FM4L63H2S5IR4MWVKK66WV","33RDX9IX0DI1EE6HRMQ3PAVIXWI3Q0","Optimal Image Compression","Determine the optimal compression level for images using sliders","image compression, slider","$0.50","Mon Mar 02 22:08:57 PST 2020","100","BatchId:3941286;OriginalHitTemplateId:928390855;","3600","259200","Mon Mar 16 23:08:57 PDT 2020","","","3KJYX6QCMDCN1TUYCGCLF8D87POVJD","AAJ121M08S5KD","Submitted","Wed Mar 04 07:43:08 PST 2020","Wed Mar 04 08:02:28 PST 2020","Sat Mar 07 08:02:28 PST 2020","","","","1160","0% (0/0)","0% (0/0)","0% (0/0)","true","false","false","true","false","false","false","true","false","false","false","true","185","49,49,49,49,49,49,48,49,48,49,49,48,49,49,48,48,49,49,49,49,49,49,48,49,49,48,48,49,49,48,49,48,49,49,49,49,48,48,48,48,48,49,49,48,49,49,46,48,47,48,48,48,47,48,49,","48,48,48,48,48,47,47,47,47,48,47,47,48,48,47,47,48,47,47,48,48,48,47,48,47,47,47,48,48,46,48,47,48,48,48,48,47,46,46,47,46,48,47,46,47,48,45,46,45,46,47,47,46,47,48,","fail","0.28867513459481287"
"3CESM1J3FM4L63H2S5IR4MWVKK66WV","33RDX9IX0DI1EE6HRMQ3PAVIXWI3Q0","Optimal Image Compression","Determine the optimal compression level for images using sliders","image compression, slider","$0.50","Mon Mar 02 22:08:57 PST 2020","100","BatchId:3941286;OriginalHitTemplateId:928390855;","3600","259200","Mon Mar 16 23:08:57 PDT 2020","","","3KRVW3HTZRMXA9JFLIK8KDLICB9MSF","A1WQYLPA6VWN0Z","Approved","Tue Mar 03 04:22:55 PST 2020","Tue Mar 03 04:42:56 PST 2020","Fri Mar 06 04:42:56 PST 2020","Tue Mar 03 09:21:28 PST 2020","","","1201","100% (1/1)","100% (1/1)","100% (1/1)","true","false","false","true","false","false","false","true","false","false","false","true","43","39,37,39,35,36,37,37,38,38,36,37,38,38,39,38,37,38,37,39,37,39,42,38,37,37,39,36,37,37,37,39,39,39,39,42,39,38,34,35,38,37,37,42,38,39,40,41,39,46,42,41,39,40,38,38,","34,33,34,32,33,32,34,34,31,30,34,34,33,35,35,33,35,34,35,32,37,39,34,35,35,36,32,34,34,32,36,35,37,36,39,36,28,32,32,34,28,34,39,36,37,38,38,37,41,40,39,37,37,36,34,","pass","0.7"
"3CESM1J3FM4L63H2S5IR4MWVKK66WV","33RDX9IX0DI1EE6HRMQ3PAVIXWI3Q0","Optimal Image Compression","Determine the optimal compression level for images using sliders","image compression, slider","$0.50","Mon Mar 02 22:08:57 PST 2020","100","BatchId:3941286;OriginalHitTemplateId:928390855;","3600","259200","Mon Mar 16 23:08:57 PDT 2020","","","3KYQYYSHYZ8F8NL9184WHION6ANODF","A18OY1YEW4BMC6","Submitted","Tue Mar 03 14:00:34 PST 2020","Tue Mar 03 14:17:49 PST 2020","Fri Mar 06 14:17:49 PST 2020","","","","1035","0% (0/0)","0% (0/0)","0% (0/0)","true","false","false","true","false","false","false","true","false","false","false","true","106","15,23,27,29,31,33,34,16,23,27,29,27,21,29,31,29,29,32,35,40,30,34,29,27,27,28,30,23,33,27,38,39,32,33,24,25,29,38,31,24,26,25,25,23,25,29,25,23,22,27,31,30,29,35,26,","10,16,16,21,27,22,24,8,16,19,19,22,15,21,23,17,20,26,27,28,22,19,24,20,17,22,19,15,22,18,24,32,16,22,18,14,18,26,19,16,20,14,12,15,18,21,17,13,17,20,21,24,22,22,18,","pass","0.9"
"3CESM1J3FM4L63H2S5IR4MWVKK66WV","33RDX9IX0DI1EE6HRMQ3PAVIXWI3Q0","Optimal Image Compression","Determine the optimal compression level for images using sliders","image compression, slider","$0.50","Mon Mar 02 22:08:57 PST 2020","100","BatchId:3941286;OriginalHitTemplateId:928390855;","3600","259200","Mon Mar 16 23:08:57 PDT 2020","","","3L4D84MIL3TIJSZE7RVH07MZZ93JHZ","A37YC7R1H04X9P","Submitted","Tue Mar 03 20:53:44 PST 2020","Tue Mar 03 21:02:11 PST 2020","Fri Mar 06 21:02:11 PST 2020","","","","507","0% (0/0)","0% (0/0)","0% (0/0)","true","false","false","true","false","false","false","true","false","false","false","true","143","43,41,41,44,42,42,42,42,42,41,39,39,39,45,42,38,41,38,38,36,39,37,40,38,43,43,38,37,39,36,40,40,37,39,39,39,35,35,35,39,42,42,39,41,43,40,40,40,41,41,39,42,39,39,41,","36,35,33,37,36,34,37,35,35,33,30,31,29,41,33,28,34,28,30,26,30,24,33,31,38,34,29,28,30,27,28,32,29,30,29,28,21,22,27,30,33,35,30,34,37,28,33,29,30,31,31,33,30,30,30,","fail","-0.8"
"3CESM1J3FM4L63H2S5IR4MWVKK66WV","33RDX9IX0DI1EE6HRMQ3PAVIXWI3Q0","Optimal Image Compression","Determine the optimal compression level for images using sliders","image compression, slider","$0.50","Mon Mar 02 22:08:57 PST 2020","100","BatchId:3941286;OriginalHitTemplateId:928390855;","3600","259200","Mon Mar 16 23:08:57 PDT 2020","","","3L4PIM1GQXHL3B8GPW8EOY3TZM6YR1","A33BAVCUPSMTWJ","Submitted","Tue Mar 03 20:16:34 PST 2020","Tue Mar 03 20:56:49 PST 2020","Fri Mar 06 20:56:49 PST 2020","","","","2415","0% (0/0)","0% (0/0)","0% (0/0)","true","false","false","true","false","false","false","true","false","false","false","true","138","31,27,24,33,29,25,26,28,22,17,21,23,23,21,24,27,20,22,27,28,21,21,16,17,25,20,19,32,31,22,17,17,20,21,24,27,21,27,18,19,19,11,21,24,23,16,15,16,24,18,15,20,15,18,13,","22,18,16,21,22,15,20,17,16,12,14,17,18,16,20,20,14,16,21,19,12,14,9,14,20,14,14,20,23,15,11,10,12,15,13,20,13,10,11,12,8,4,12,15,12,11,10,9,12,9,4,12,8,10,7,","fail","-0.2"
"3CESM1J3FM4L63H2S5IR4MWVKK66WV","33RDX9IX0DI1EE6HRMQ3PAVIXWI3Q0","Optimal Image Compression","Determine the optimal compression level for images using sliders","image compression, slider","$0.50","Mon Mar 02 22:08:57 PST 2020","100","BatchId:3941286;OriginalHitTemplateId:928390855;","3600","259200","Mon Mar 16 23:08:57 PDT 2020","","","3LJ7UR74RLEKQ6247I3QZPUC3LH4NR","A9Q29DG9Z39BI","Submitted","Tue Mar 03 04:22:58 PST 2020","Tue Mar 03 04:43:23 PST 2020","Fri Mar 06 04:43:23 PST 2020","","","","1225","0% (0/0)","0% (0/0)","0% (0/0)","true","false","false","true","false","false","false","true","false","false","false","true","44","31,40,40,37,36,45,38,38,37,41,42,42,41,38,38,39,36,38,39,37,37,35,40,41,41,40,37,40,40,37,43,39,38,38,40,37,36,39,39,40,40,39,39,41,41,40,41,39,38,40,38,37,38,39,40,","16,32,28,29,30,40,30,28,28,33,35,34,30,29,29,30,27,27,30,28,28,26,32,33,31,32,28,31,32,28,35,30,28,31,32,28,27,30,30,31,29,30,31,33,34,33,33,29,30,32,30,30,30,29,33,","fail","0.5"
"3CESM1J3FM4L63H2S5IR4MWVKK66WV","33RDX9IX0DI1EE6HRMQ3PAVIXWI3Q0","Optimal Image Compression","Determine the optimal compression level for images using sliders","image compression, slider","$0.50","Mon Mar 02 22:08:57 PST 2020","100","BatchId:3941286;OriginalHitTemplateId:928390855;","3600","259200","Mon Mar 16 23:08:57 PDT 2020","","","3MAOD8E57UBBO8QERT5VW0RAWGDXNQ","APSN3KV49VLKX","Submitted","Tue Mar 03 00:24:52 PST 2020","Tue Mar 03 01:22:19 PST 2020","Fri Mar 06 01:22:19 PST 2020","","","","3447","0% (0/0)","0% (0/0)","0% (0/0)","true","false","false","true","false","false","false","true","false","false","false","true","17","42,47,47,47,48,46,46,46,47,46,48,47,46,48,46,47,46,46,47,46,45,44,47,47,48,44,44,46,47,46,46,47,49,48,47,47,47,44,47,47,46,46,47,47,47,46,45,46,46,41,43,42,47,46,47,","39,43,44,42,44,43,43,44,44,45,46,45,43,46,44,44,45,43,45,44,44,43,45,46,45,41,40,44,45,45,45,46,47,46,45,45,46,42,45,45,45,44,45,45,45,41,43,44,44,34,41,39,44,44,45,","pass","0.9486832980505138"
"3CESM1J3FM4L63H2S5IR4MWVKK66WV","33RDX9IX0DI1EE6HRMQ3PAVIXWI3Q0","Optimal Image Compression","Determine the optimal compression level for images using sliders","image compression, slider","$0.50","Mon Mar 02 22:08:57 PST 2020","100","BatchId:3941286;OriginalHitTemplateId:928390855;","3600","259200","Mon Mar 16 23:08:57 PDT 2020","","","3MYYFCXHJ78EGELIKEQV95LF2DAG4I","AQ46U5D8B8B2H","Submitted","Wed Mar 04 07:43:03 PST 2020","Wed Mar 04 08:29:36 PST 2020","Sat Mar 07 08:29:36 PST 2020","","","","2793","0% (0/0)","0% (0/0)","0% (0/0)","true","false","false","true","false","false","false","true","false","false","false","true","183","27,19,32,25,18,26,27,21,20,21,15,21,21,28,22,22,26,22,20,21,20,25,13,28,28,32,28,23,19,18,11,20,17,20,31,23,29,13,19,18,13,29,21,22,20,26,24,29,21,33,30,23,28,34,27,","17,14,22,19,15,13,15,12,14,14,9,15,12,19,14,16,16,17,14,17,12,14,11,14,19,20,15,17,14,12,9,12,14,11,27,15,25,9,8,15,10,16,12,17,16,19,16,17,18,25,20,19,20,24,23,","fail","0.41039134083406165"
"3CESM1J3FM4L63H2S5IR4MWVKK66WV","33RDX9IX0DI1EE6HRMQ3PAVIXWI3Q0","Optimal Image Compression","Determine the optimal compression level for images using sliders","image compression, slider","$0.50","Mon Mar 02 22:08:57 PST 2020","100","BatchId:3941286;OriginalHitTemplateId:928390855;","3600","259200","Mon Mar 16 23:08:57 PDT 2020","","","3NJM2BJS407NOVRWGCM0MCBVVFECPR","A3HU9JOPC9UK8Q","Submitted","Tue Mar 03 15:04:53 PST 2020","Tue Mar 03 15:33:13 PST 2020","Fri Mar 06 15:33:13 PST 2020","","","","1700","0% (0/0)","0% (0/0)","0% (0/0)","true","false","false","true","false","false","false","true","false","false","false","true","113","32,26,30,32,26,31,29,29,25,31,25,32,32,33,41,39,33,34,34,32,28,36,30,32,30,30,28,30,27,33,32,31,31,36,40,36,34,31,32,33,33,33,28,36,41,39,36,33,34,38,33,32,35,32,34,","25,24,28,26,20,31,24,22,25,26,23,29,25,31,39,37,32,32,25,31,22,31,30,28,26,27,24,27,26,31,32,20,30,36,34,35,31,28,32,30,30,27,24,31,40,31,35,28,30,31,27,26,33,30,31,","pass","1"
"3CESM1J3FM4L63H2S5IR4MWVKK66WV","33RDX9IX0DI1EE6HRMQ3PAVIXWI3Q0","Optimal Image Compression","Determine the optimal compression level for images using sliders","image compression, slider","$0.50","Mon Mar 02 22:08:57 PST 2020","100","BatchId:3941286;OriginalHitTemplateId:928390855;","3600","259200","Mon Mar 16 23:08:57 PDT 2020","","","3O6CYIULEH29UY5XEPLV8C5XVAHUW3","A2M55RDN9UDPXJ","Submitted","Tue Mar 03 05:35:28 PST 2020","Tue Mar 03 05:50:42 PST 2020","Fri Mar 06 05:50:42 PST 2020","","","","914","0% (0/0)","0% (0/0)","0% (0/0)","true","false","false","true","false","false","false","true","false","false","false","true","54","27,32,25,29,32,33,35,38,36,34,37,35,33,37,39,42,30,34,34,35,28,32,32,28,31,34,30,30,27,31,28,31,29,30,32,37,30,34,30,33,33,31,30,28,33,29,31,28,29,30,32,28,29,30,29,","19,24,19,23,28,27,27,31,28,26,30,29,27,27,31,29,23,28,30,28,24,27,26,23,25,26,23,24,23,27,25,25,26,25,27,25,26,24,25,27,25,25,26,24,23,22,28,24,25,25,24,22,23,26,26,","fail","0.4472135954999579"
"3CESM1J3FM4L63H2S5IR4MWVKK66WV","33RDX9IX0DI1EE6HRMQ3PAVIXWI3Q0","Optimal Image Compression","Determine the optimal compression level for images using sliders","image compression, slider","$0.50","Mon Mar 02 22:08:57 PST 2020","100","BatchId:3941286;OriginalHitTemplateId:928390855;","3600","259200","Mon Mar 16 23:08:57 PDT 2020","","","3OJSZ2ATDWXDJ4EH5G5B8KE034G57Z","A2JA19C4Y5JZD3","Submitted","Tue Mar 03 15:01:30 PST 2020","Tue Mar 03 15:27:14 PST 2020","Fri Mar 06 15:27:14 PST 2020","","","","1544","0% (0/0)","0% (0/0)","0% (0/0)","true","false","false","true","false","false","false","true","false","false","false","true","112","19,21,15,14,12,17,11,17,12,16,15,14,20,12,11,11,13,11,15,9,9,10,9,14,11,10,9,9,9,8,10,12,11,13,11,9,8,9,11,12,7,9,12,12,8,15,19,12,22,16,12,11,16,23,14,","12,18,12,11,10,8,9,14,10,12,11,10,15,10,9,8,11,9,12,9,7,7,7,10,9,8,8,7,7,7,8,10,9,10,9,7,7,7,9,10,5,8,11,10,6,14,15,9,14,13,8,9,13,20,13,","fail","-0.35909242322980395"
"3CESM1J3FM4L63H2S5IR4MWVKK66WV","33RDX9IX0DI1EE6HRMQ3PAVIXWI3Q0","Optimal Image Compression","Determine the optimal compression level for images using sliders","image compression, slider","$0.50","Mon Mar 02 22:08:57 PST 2020","100","BatchId:3941286;OriginalHitTemplateId:928390855;","3600","259200","Mon Mar 16 23:08:57 PDT 2020","","","3OJSZ2ATDWXDJ4EH5G5B8KE036X57K","A29LUFLYYYNITW","Submitted","Wed Mar 04 04:30:14 PST 2020","Wed Mar 04 05:12:36 PST 2020","Sat Mar 07 05:12:36 PST 2020","","","","2542","0% (0/0)","0% (0/0)","0% (0/0)","true","false","false","true","false","false","false","true","false","false","false","true","166","27,35,28,20,23,23,14,24,18,26,23,11,18,18,25,25,24,16,22,18,19,22,22,23,22,16,21,30,22,24,21,22,23,28,21,25,22,14,18,24,27,23,33,28,35,25,21,29,19,21,27,20,22,26,24,","19,30,20,17,18,18,14,20,15,17,20,9,16,14,17,19,17,12,15,11,13,18,13,19,14,14,18,22,15,16,17,16,19,22,15,18,17,11,13,15,25,15,32,20,32,21,13,25,19,13,15,15,22,22,18,","pass","1"
"3CESM1J3FM4L63H2S5IR4MWVKK66WV","33RDX9IX0DI1EE6HRMQ3PAVIXWI3Q0","Optimal Image Compression","Determine the optimal compression level for images using sliders","image compression, slider","$0.50","Mon Mar 02 22:08:57 PST 2020","100","BatchId:3941286;OriginalHitTemplateId:928390855;","3600","259200","Mon Mar 16 23:08:57 PDT 2020","","","3OS4RQUCRDGSNDAWO9U0ZYR9BLPFBC","A2VMYFT70HRXLD","Submitted","Mon Mar 02 22:09:48 PST 2020","Mon Mar 02 22:36:29 PST 2020","Thu Mar 05 22:36:29 PST 2020","","","","1601","0% (0/0)","0% (0/0)","0% (0/0)","true","false","false","true","false","false","false","true","false","false","false","true","6","40,22,41,20,39,44,40,37,41,34,37,38,38,30,31,34,31,38,40,38,37,43,29,42,40,34,32,37,32,34,43,32,31,34,37,30,39,42,37,11,34,40,40,33,29,31,20,39,40,40,24,22,35,28,30,","28,12,28,13,31,30,29,22,22,14,15,11,31,19,22,18,24,22,33,25,16,27,24,26,25,24,26,17,11,26,33,16,24,18,21,11,13,19,25,7,25,22,16,27,24,20,14,22,25,24,17,17,20,14,20,","fail","-0.5"
"3CESM1J3FM4L63H2S5IR4MWVKK66WV","33RDX9IX0DI1EE6HRMQ3PAVIXWI3Q0","Optimal Image Compression","Determine the optimal compression level for images using sliders","image compression, slider","$0.50","Mon Mar 02 22:08:57 PST 2020","100","BatchId:3941286;OriginalHitTemplateId:928390855;","3600","259200","Mon Mar 16 23:08:57 PDT 2020","","","3OS4RQUCRDGSNDAWO9U0ZYR9BMBBFW","A3KF6OE5PDE94V","Submitted","Tue Mar 03 04:08:45 PST 2020","Tue Mar 03 04:25:42 PST 2020","Fri Mar 06 04:25:42 PST 2020","","","","1017","0% (0/0)","0% (0/0)","0% (0/0)","true","false","false","true","false","false","false","true","false","false","false","true","38","17,23,25,25,25,23,27,27,22,28,25,25,25,32,33,27,21,24,24,26,26,24,27,25,26,25,29,24,25,27,25,25,28,29,26,28,25,23,27,28,27,24,29,24,25,25,27,25,28,28,27,27,28,27,28,","16,22,24,23,22,20,25,25,21,26,23,24,24,29,30,25,18,23,21,26,22,21,24,21,24,23,25,22,23,23,23,23,25,25,24,25,22,21,25,25,24,22,26,22,24,23,25,22,26,26,24,25,26,25,26,","fail","0.35909242322980395"
"3CESM1J3FM4L63H2S5IR4MWVKK66WV","33RDX9IX0DI1EE6HRMQ3PAVIXWI3Q0","Optimal Image Compression","Determine the optimal compression level for images using sliders","image compression, slider","$0.50","Mon Mar 02 22:08:57 PST 2020","100","BatchId:3941286;OriginalHitTemplateId:928390855;","3600","259200","Mon Mar 16 23:08:57 PDT 2020","","","3PJ71Z61R83I951RJQ1JJQSPMDE91A","A3I632CUYQC20J","Submitted","Tue Mar 03 07:25:41 PST 2020","Tue Mar 03 07:58:10 PST 2020","Fri Mar 06 07:58:10 PST 2020","","","","1949","0% (0/0)","0% (0/0)","0% (0/0)","true","false","false","true","false","false","false","true","false","false","false","true","64","37,30,35,36,37,30,41,39,42,44,39,40,40,39,35,39,37,44,43,38,39,39,42,40,42,40,39,41,36,39,36,38,32,40,37,37,33,25,26,33,43,40,38,31,27,32,27,37,38,40,34,37,33,36,40,","35,22,29,30,28,23,36,32,38,40,36,36,34,34,29,33,31,41,39,33,35,34,36,33,34,35,34,34,30,34,31,33,27,34,33,31,28,19,21,28,38,36,35,26,22,27,21,32,33,36,29,32,29,29,36,","fail","-0.1"
"3CESM1J3FM4L63H2S5IR4MWVKK66WV","33RDX9IX0DI1EE6HRMQ3PAVIXWI3Q0","Optimal Image Compression","Determine the optimal compression level for images using sliders","image compression, slider","$0.50","Mon Mar 02 22:08:57 PST 2020","100","BatchId:3941286;OriginalHitTemplateId:928390855;","3600","259200","Mon Mar 16 23:08:57 PDT 2020","","","3QAVNHZ3EQ594VF046X2Z0CNQ3PLAZ","A3S47A6480CI6S","Submitted","Wed Mar 04 00:08:32 PST 2020","Wed Mar 04 00:24:11 PST 2020","Sat Mar 07 00:24:11 PST 2020","","","","939","0% (0/0)","0% (0/0)","0% (0/0)","true","false","false","true","false","false","false","true","false","false","false","true","154","38,16,15,22,16,17,13,19,22,22,23,23,18,25,20,14,20,19,22,26,26,28,29,22,22,16,13,20,17,16,16,21,15,16,20,15,18,17,18,14,14,16,30,34,12,21,17,14,21,15,17,23,17,16,15,","11,15,11,19,14,13,11,13,19,17,20,20,16,21,16,10,15,12,15,21,17,22,21,17,16,15,13,20,17,16,16,14,15,13,18,14,13,14,10,14,14,16,22,32,12,17,17,14,16,12,15,15,9,10,15,","fail","0.30779350562554625"
"3CESM1J3FM4L63H2S5IR4MWVKK66WV","33RDX9IX0DI1EE6HRMQ3PAVIXWI3Q0","Optimal Image Compression","Determine the optimal compression level for images using sliders","image compression, slider","$0.50","Mon Mar 02 22:08:57 PST 2020","100","BatchId:3941286;OriginalHitTemplateId:928390855;","3600","259200","Mon Mar 16 23:08:57 PDT 2020","","","3R2PKQ87N098GVGJG6QUGBFV3E2IMG","AAPY6048JV1RJ","Submitted","Tue Mar 03 08:04:34 PST 2020","Tue Mar 03 08:19:35 PST 2020","Fri Mar 06 08:19:35 PST 2020","","","","901","0% (0/0)","0% (0/0)","0% (0/0)","true","false","false","true","false","false","false","true","false","false","false","true","68","31,28,42,45,47,48,47,42,47,32,26,45,48,34,44,43,18,30,43,42,28,45,45,32,41,40,24,40,48,43,44,42,32,39,45,44,38,40,48,46,46,46,42,33,38,49,47,33,35,44,41,42,23,33,35,","26,26,40,42,45,46,45,39,46,27,24,43,45,33,39,41,15,28,40,39,27,42,43,30,39,38,21,36,47,40,41,40,30,35,42,43,37,39,46,44,45,44,40,31,37,46,46,28,32,43,39,35,20,31,30,","fail","-0.41039134083406165"
"3CESM1J3FM4L63H2S5IR4MWVKK66WV","33RDX9IX0DI1EE6HRMQ3PAVIXWI3Q0","Optimal Image Compression","Determine the optimal compression level for images using sliders","image compression, slider","$0.50","Mon Mar 02 22:08:57 PST 2020","100","BatchId:3941286;OriginalHitTemplateId:928390855;","3600","259200","Mon Mar 16 23:08:57 PDT 2020","","","3R8YZBNQ9LJ2CQXFP8TE6V9RZZN7QW","A165JJ5VZPS2UX","Submitted","Tue Mar 03 07:54:25 PST 2020","Tue Mar 03 08:37:51 PST 2020","Fri Mar 06 08:37:51 PST 2020","","","","2606","0% (0/0)","0% (0/0)","0% (0/0)","true","false","false","true","false","false","false","true","false","false","false","true","74","21,12,19,15,5,27,23,14,18,17,18,23,11,14,18,23,23,18,21,21,11,29,16,15,16,23,12,17,16,14,14,18,17,21,10,16,16,34,12,11,17,12,27,14,12,8,15,4,9,20,11,15,12,10,13,","9,7,10,11,4,20,14,6,8,14,16,20,10,13,12,11,12,9,13,10,8,21,10,10,10,12,10,10,12,10,9,13,10,12,9,6,11,13,8,7,10,8,12,10,7,7,5,4,5,12,5,10,5,7,8,","pass","0.9746794344808964"
"3CESM1J3FM4L63H2S5IR4MWVKK66WV","33RDX9IX0DI1EE6HRMQ3PAVIXWI3Q0","Optimal Image Compression","Determine the optimal compression level for images using sliders","image compression, slider","$0.50","Mon Mar 02 22:08:57 PST 2020","100","BatchId:3941286;OriginalHitTemplateId:928390855;","3600","259200","Mon Mar 16 23:08:57 PDT 2020","","","3SNVL38CI8TMD4UG3KHSQVPW15MCK4","A3L9WEKLOBQK0D","Submitted","Tue Mar 03 11:30:11 PST 2020","Tue Mar 03 11:53:02 PST 2020","Fri Mar 06 11:53:02 PST 2020","","","","1371","0% (0/0)","0% (0/0)","0% (0/0)","true","false","false","true","false","false","false","true","false","false","false","true","96","20,19,20,21,19,23,24,24,22,20,22,19,22,23,20,18,19,20,22,25,21,19,23,22,25,27,28,23,27,20,15,16,23,18,16,22,19,14,22,26,15,29,20,26,22,27,25,27,32,19,29,31,23,28,28,","12,14,15,15,13,16,18,19,18,16,17,17,18,18,12,16,17,16,15,20,13,16,16,14,23,18,21,15,23,16,9,11,13,11,8,13,14,10,16,13,13,23,14,16,20,17,16,18,26,17,17,24,18,21,22,","fail","0.4616902584383194"
"3CESM1J3FM4L63H2S5IR4MWVKK66WV","33RDX9IX0DI1EE6HRMQ3PAVIXWI3Q0","Optimal Image Compression","Determine the optimal compression level for images using sliders","image compression, slider","$0.50","Mon Mar 02 22:08:57 PST 2020","100","BatchId:3941286;OriginalHitTemplateId:928390855;","3600","259200","Mon Mar 16 23:08:57 PDT 2020","","","3STRJBFXO0S3ZLWRP6CIF5P0PS8KTJ","A2Y7PB2U8USUC8","Submitted","Wed Mar 04 01:27:58 PST 2020","Wed Mar 04 02:27:00 PST 2020","Sat Mar 07 02:27:00 PST 2020","","","","3542","0% (0/0)","0% (0/0)","0% (0/0)","true","false","false","true","false","false","false","true","false","false","false","true","158","25,26,26,26,27,25,20,25,25,27,40,31,32,25,25,26,25,25,32,25,27,26,26,25,25,25,31,25,32,32,25,25,35,25,31,28,26,28,25,26,26,26,28,28,30,25,30,31,30,25,32,34,32,30,25,","25,26,26,26,27,25,20,25,25,27,40,31,32,25,25,26,25,25,32,25,27,26,26,25,25,25,31,25,32,32,25,25,35,25,31,28,26,28,25,26,26,26,28,28,30,25,30,31,30,25,32,34,32,30,25,","fail","0.6324555320336759"
"3CESM1J3FM4L63H2S5IR4MWVKK66WV","33RDX9IX0DI1EE6HRMQ3PAVIXWI3Q0","Optimal Image Compression","Determine the optimal compression level for images using sliders","image compression, slider","$0.50","Mon Mar 02 22:08:57 PST 2020","100","BatchId:3941286;OriginalHitTemplateId:928390855;","3600","259200","Mon Mar 16 23:08:57 PDT 2020","","","3U84XHCDIGEE7VGNA6EKUC1LDZJZ4X","ARQBPE7CAFWEB","Submitted","Tue Mar 03 01:30:51 PST 2020","Tue Mar 03 02:21:50 PST 2020","Fri Mar 06 02:21:50 PST 2020","","","","3059","0% (0/0)","0% (0/0)","0% (0/0)","true","false","false","true","false","false","false","true","false","false","false","true","24","29,31,35,30,26,26,27,31,26,29,31,32,29,32,29,30,33,30,27,30,29,29,29,27,26,30,28,28,33,29,29,31,30,30,29,31,32,31,31,26,34,28,28,34,30,29,32,24,33,30,38,30,32,31,31,","19,16,18,16,17,15,17,19,16,16,19,15,18,20,18,19,21,18,18,14,20,18,16,16,18,17,15,19,18,14,15,18,17,17,19,19,15,16,17,16,19,18,16,18,18,15,19,17,15,18,21,18,14,16,17,","fail","0.4472135954999579"
"3CESM1J3FM4L63H2S5IR4MWVKK66WV","33RDX9IX0DI1EE6HRMQ3PAVIXWI3Q0","Optimal Image Compression","Determine the optimal compression level for images using sliders","image compression, slider","$0.50","Mon Mar 02 22:08:57 PST 2020","100","BatchId:3941286;OriginalHitTemplateId:928390855;","3600","259200","Mon Mar 16 23:08:57 PDT 2020","","","3VE8AYVF8QY9LFCPLXAQ8W183GQF81","A3CMDYA9USA3MR","Submitted","Tue Mar 03 04:18:00 PST 2020","Tue Mar 03 04:43:28 PST 2020","Fri Mar 06 04:43:28 PST 2020","","","","1528","0% (0/0)","0% (0/0)","0% (0/0)","true","false","false","true","false","false","false","true","false","false","false","true","45","40,40,42,42,43,42,40,40,41,42,41,42,41,41,44,42,41,42,43,41,41,41,42,41,41,41,39,41,42,40,40,41,41,41,40,42,40,41,41,42,43,41,41,41,42,41,41,43,42,40,39,42,42,42,42,","33,36,36,36,35,36,33,33,35,33,32,35,35,35,38,34,32,36,37,36,36,33,35,35,33,34,32,35,34,33,34,34,35,31,32,35,32,34,32,35,36,34,34,34,34,34,35,35,33,33,31,36,35,35,35,","fail","-0.7181848464596079"
"3CESM1J3FM4L63H2S5IR4MWVKK66WV","33RDX9IX0DI1EE6HRMQ3PAVIXWI3Q0","Optimal Image Compression","Determine the optimal compression level for images using sliders","image compression, slider","$0.50","Mon Mar 02 22:08:57 PST 2020","100","BatchId:3941286;OriginalHitTemplateId:928390855;","3600","259200","Mon Mar 16 23:08:57 PDT 2020","","","3VE8AYVF8QY9LFCPLXAQ8W183JI8FS","A3FTZV5B9ILQET","Submitted","Tue Mar 03 17:35:01 PST 2020","Tue Mar 03 18:19:25 PST 2020","Fri Mar 06 18:19:25 PST 2020","","","","2664","0% (0/0)","0% (0/0)","0% (0/0)","true","false","false","true","false","false","false","true","false","false","false","true","131","30,29,29,32,35,34,36,28,27,34,41,34,32,39,32,30,30,31,32,32,31,29,28,29,29,31,30,31,35,31,31,28,28,30,29,28,30,29,30,32,33,30,30,29,29,23,22,18,22,29,20,20,37,36,33,","20,22,20,25,27,29,27,20,20,28,35,28,30,35,28,28,23,26,22,27,25,24,23,25,27,29,26,28,26,27,27,25,24,25,26,26,25,27,28,25,29,29,21,21,21,20,18,15,18,28,16,20,32,30,30,","fail","-0.6"
"3CESM1J3FM4L63H2S5IR4MWVKK66WV","33RDX9IX0DI1EE6HRMQ3PAVIXWI3Q0","Optimal Image Compression","Determine the optimal compression level for images using sliders","image compression, slider","$0.50","Mon Mar 02 22:08:57 PST 2020","100","BatchId:3941286;OriginalHitTemplateId:928390855;","3600","259200","Mon Mar 16 23:08:57 PDT 2020","","","3VFJCI1K430LHKNGVQM8HYWPURVRGD","A312CUJ5K5PEXL","Approved","Wed Mar 04 01:47:54 PST 2020","Wed Mar 04 02:20:47 PST 2020","Sat Mar 07 02:20:47 PST 2020","Wed Mar 04 12:07:41 PST 2020","","","1973","100% (1/1)","100% (1/1)","100% (1/1)","true","false","false","true","false","false","false","true","false","false","false","true","160","41,34,41,43,39,42,43,33,46,44,40,38,42,37,41,45,43,43,42,45,46,47,43,41,45,44,45,44,44,45,46,46,46,45,43,42,44,39,45,46,41,44,41,43,44,43,41,40,44,45,47,39,31,38,46,","28,23,27,32,22,23,26,29,38,32,33,20,21,19,19,30,31,28,37,28,31,33,30,28,36,31,36,35,29,31,34,26,29,31,32,30,35,27,30,34,29,29,32,35,28,22,29,29,32,36,28,23,14,28,32,","pass","0.9"
"3CESM1J3FM4L63H2S5IR4MWVKK66WV","33RDX9IX0DI1EE6HRMQ3PAVIXWI3Q0","Optimal Image Compression","Determine the optimal compression level for images using sliders","image compression, slider","$0.50","Mon Mar 02 22:08:57 PST 2020","100","BatchId:3941286;OriginalHitTemplateId:928390855;","3600","259200","Mon Mar 16 23:08:57 PDT 2020","","","3VNL7UK1XJKSJZ4DOVLLZSXVHTBTF4","A3NWG6HF36AOC8","Submitted","Tue Mar 03 04:23:07 PST 2020","Tue Mar 03 04:36:29 PST 2020","Fri Mar 06 04:36:29 PST 2020","","","","802","0% (0/0)","0% (0/0)","0% (0/0)","true","false","false","true","false","false","false","true","false","false","false","true","41","46,44,47,47,46,47,46,47,48,46,47,45,47,46,46,46,48,48,48,45,47,47,45,47,46,46,46,46,48,47,46,48,47,46,47,47,45,47,45,46,43,45,45,44,45,46,46,45,46,46,47,46,45,46,45,","40,37,42,42,38,43,41,41,44,42,43,38,41,43,43,42,44,43,45,40,42,44,43,42,42,42,44,44,45,43,43,44,44,40,44,44,42,43,41,43,40,44,41,41,41,41,41,38,41,43,43,40,42,42,40,","fail","-0.35909242322980395"
"3CESM1J3FM4L63H2S5IR4MWVKK66WV","33RDX9IX0DI1EE6HRMQ3PAVIXWI3Q0","Optimal Image Compression","Determine the optimal compression level for images using sliders","image compression, slider","$0.50","Mon Mar 02 22:08:57 PST 2020","100","BatchId:3941286;OriginalHitTemplateId:928390855;","3600","259200","Mon Mar 16 23:08:57 PDT 2020","","","3VNXK88KKGJYVHHPQ4L8QEZ5BJ79VP","A24W9I92C8Y5YW","Submitted","Tue Mar 03 22:42:16 PST 2020","Tue Mar 03 23:08:43 PST 2020","Fri Mar 06 23:08:43 PST 2020","","","","1587","0% (0/0)","0% (0/0)","0% (0/0)","true","false","false","true","false","false","false","true","false","false","false","true","149","22,16,24,31,30,22,20,22,23,20,26,17,21,24,22,23,32,16,27,24,31,18,23,26,29,26,28,30,30,25,26,30,28,28,22,23,19,23,23,23,26,39,26,31,26,22,22,38,27,28,30,22,24,25,38,","15,11,18,23,16,16,10,12,18,12,12,12,10,18,13,12,21,8,12,12,12,8,11,18,14,11,13,15,14,11,13,18,18,11,9,11,9,11,14,11,12,31,13,13,13,14,11,13,12,13,14,12,16,14,22,","fail","0.3"
"3CESM1J3FM4L63H2S5IR4MWVKK66WV","33RDX9IX0DI1EE6HRMQ3PAVIXWI3Q0","Optimal Image Compression","Determine the optimal compression level for images using sliders","image compression, slider","$0.50","Mon Mar 02 22:08:57 PST 2020","100","BatchId:3941286;OriginalHitTemplateId:928390855;","3600","259200","Mon Mar 16 23:08:57 PDT 2020","","","3VW04L3ZLX7G024ITZS4U2I8YUVXXI","A2C46X78HU00MG","Submitted","Tue Mar 03 04:23:29 PST 2020","Tue Mar 03 04:52:01 PST 2020","Fri Mar 06 04:52:01 PST 2020","","","","1712","0% (0/0)","0% (0/0)","0% (0/0)","true","false","false","true","false","false","false","true","false","false","false","true","47","38,42,44,43,42,38,39,36,43,40,40,39,39,41,39,42,43,40,42,40,41,43,38,38,46,43,42,39,43,41,43,43,43,34,40,43,39,36,42,43,41,40,37,40,41,44,40,42,40,46,42,43,44,44,44,","30,36,38,38,38,31,28,27,36,31,33,32,34,30,32,33,36,32,35,34,33,34,27,35,38,37,34,31,35,33,35,33,39,21,29,36,27,28,35,33,34,30,25,32,35,38,34,34,26,40,35,37,39,36,37,","fail","-0.5"
"3CESM1J3FM4L63H2S5IR4MWVKK66WV","33RDX9IX0DI1EE6HRMQ3PAVIXWI3Q0","Optimal Image Compression","Determine the optimal compression level for images using sliders","image compression, slider","$0.50","Mon Mar 02 22:08:57 PST 2020","100","BatchId:3941286;OriginalHitTemplateId:928390855;","3600","259200","Mon Mar 16 23:08:57 PDT 2020","","","3W2LOLRXLFGQJ6JZLH7NFQOI19IKRH","A1FHR5P6PG6E5Q","Approved","Wed Mar 04 08:21:38 PST 2020","Wed Mar 04 08:39:16 PST 2020","Sat Mar 07 08:39:16 PST 2020","Wed Mar 04 12:07:41 PST 2020","","","1058","100% (1/1)","100% (1/1)","100% (1/1)","true","false","false","true","false","false","false","true","false","false","false","true","189","25,31,10,22,20,15,20,18,25,15,30,20,25,30,20,35,30,30,25,30,31,30,30,20,30,25,29,20,27,29,31,28,26,35,25,32,39,32,36,37,31,20,26,25,31,33,24,26,33,20,22,21,29,29,27,","10,15,9,15,11,11,10,15,10,10,25,10,15,20,15,32,10,10,15,22,14,15,16,14,15,14,16,16,24,19,20,21,18,29,15,14,16,28,28,29,18,17,14,17,18,26,14,16,14,11,12,11,11,15,16,","pass","0.9746794344808964"
"3CESM1J3FM4L63H2S5IR4MWVKK66WV","33RDX9IX0DI1EE6HRMQ3PAVIXWI3Q0","Optimal Image Compression","Determine the optimal compression level for images using sliders","image compression, slider","$0.50","Mon Mar 02 22:08:57 PST 2020","100","BatchId:3941286;OriginalHitTemplateId:928390855;","3600","259200","Mon Mar 16 23:08:57 PDT 2020","","","3WETL7AQWX9VILDU342LV32KY1G53E","A3M4WRTM1M7YTS","Submitted","Tue Mar 03 08:10:30 PST 2020","Tue Mar 03 08:41:30 PST 2020","Fri Mar 06 08:41:30 PST 2020","","","","1860","0% (0/0)","0% (0/0)","0% (0/0)","true","false","false","true","false","false","false","true","false","false","false","true","71","30,29,29,33,34,29,21,30,33,27,29,30,24,31,16,26,18,28,27,25,9,27,19,35,28,27,36,19,24,30,19,26,20,21,33,29,31,26,37,35,38,32,40,34,31,31,32,32,32,32,29,31,27,36,30,","15,10,10,17,13,9,12,12,15,7,9,15,9,11,6,16,7,8,12,7,9,16,8,11,13,12,13,11,10,14,11,15,9,12,12,8,10,14,12,14,8,14,18,9,11,12,13,14,14,16,11,11,13,14,12,","fail","0.6"
"3CESM1J3FM4L63H2S5IR4MWVKK66WV","33RDX9IX0DI1EE6HRMQ3PAVIXWI3Q0","Optimal Image Compression","Determine the optimal compression level for images using sliders","image compression, slider","$0.50","Mon Mar 02 22:08:57 PST 2020","100","BatchId:3941286;OriginalHitTemplateId:928390855;","3600","259200","Mon Mar 16 23:08:57 PDT 2020","","","3WMOAN2SRFYJKJLJRE4D8FUPG5BNVJ","A1H749ZT3D0WUD","Submitted","Tue Mar 03 03:04:58 PST 2020","Tue Mar 03 03:21:44 PST 2020","Fri Mar 06 03:21:44 PST 2020","","","","1006","0% (0/0)","0% (0/0)","0% (0/0)","true","false","false","true","false","false","false","true","false","false","false","true","30","22,18,25,19,18,23,15,13,20,24,16,26,18,14,25,18,21,20,18,18,17,14,12,19,19,16,19,15,13,22,19,8,14,12,17,15,16,18,18,16,16,16,14,16,18,16,16,20,19,16,19,19,14,16,15,","11,13,11,11,12,11,9,11,14,17,11,18,13,12,20,12,16,16,13,14,11,10,11,11,14,13,13,11,10,15,7,6,10,9,11,11,14,15,14,12,13,13,12,13,14,13,12,12,14,13,15,15,11,11,9,","fail","0.15389675281277312"
"3CESM1J3FM4L63H2S5IR4MWVKK66WV","33RDX9IX0DI1EE6HRMQ3PAVIXWI3Q0","Optimal Image Compression","Determine the optimal compression level for images using sliders","image compression, slider","$0.50","Mon Mar 02 22:08:57 PST 2020","100","BatchId:3941286;OriginalHitTemplateId:928390855;","3600","259200","Mon Mar 16 23:08:57 PDT 2020","","","3WYGZ5XF30G2KLJC067S50TEN7RSKV","AOHCSIN8IW046","Submitted","Tue Mar 03 10:30:55 PST 2020","Tue Mar 03 10:55:44 PST 2020","Fri Mar 06 10:55:44 PST 2020","","","","1489","0% (0/0)","0% (0/0)","0% (0/0)","true","false","false","true","false","false","false","true","false","false","false","true","90","18,22,18,13,14,15,13,16,14,14,16,13,18,12,11,14,11,14,16,13,10,15,16,9,14,12,9,48,49,49,48,14,11,49,17,48,48,48,48,48,48,49,49,49,48,48,49,49,48,48,48,49,49,47,49,","14,20,15,9,8,12,11,13,9,9,11,8,16,9,8,11,8,10,12,11,7,13,12,9,10,9,6,47,48,47,47,10,10,48,14,47,47,47,47,46,47,47,48,48,47,47,48,48,47,47,47,48,48,44,48,","pass","0.872081599272381"
"3CESM1J3FM4L63H2S5IR4MWVKK66WV","33RDX9IX0DI1EE6HRMQ3PAVIXWI3Q0","Optimal Image Compression","Determine the optimal compression level for images using sliders","image compression, slider","$0.50","Mon Mar 02 22:08:57 PST 2020","100","BatchId:3941286;OriginalHitTemplateId:928390855;","3600","259200","Mon Mar 16 23:08:57 PDT 2020","","","3X31TUMD71NDA7208N49OZJKMAYL1S","A2JG6KZ84KW6A5","Submitted","Wed Mar 04 05:03:28 PST 2020","Wed Mar 04 05:16:05 PST 2020","Sat Mar 07 05:16:05 PST 2020","","","","757","0% (0/0)","0% (0/0)","0% (0/0)","true","false","false","true","false","false","false","true","false","false","false","true","168","32,32,24,33,32,33,33,34,33,33,33,34,29,33,36,36,21,24,27,13,34,17,22,34,32,35,38,38,29,31,24,31,39,33,36,21,20,36,32,39,24,30,21,23,29,21,22,11,18,21,31,27,31,26,27,","19,21,14,17,19,12,12,11,13,11,14,12,12,19,14,9,3,11,8,11,10,7,15,8,8,13,16,14,11,10,11,13,14,11,12,11,7,10,15,19,5,5,7,10,4,8,7,3,6,7,10,7,9,6,11,","fail","-0.20519567041703082"
"3CESM1J3FM4L63H2S5IR4MWVKK66WV","33RDX9IX0DI1EE6HRMQ3PAVIXWI3Q0","Optimal Image Compression","Determine the optimal compression level for images using sliders","image compression, slider","$0.50","Mon Mar 02 22:08:57 PST 2020","100","BatchId:3941286;OriginalHitTemplateId:928390855;","3600","259200","Mon Mar 16 23:08:57 PDT 2020","","","3XUHV3NRVOZACTKTIPRNZX3UH8Z5HQ","AK3GZE8MPQL4Y","Submitted","Tue Mar 03 18:42:26 PST 2020","Tue Mar 03 19:07:38 PST 2020","Fri Mar 06 19:07:38 PST 2020","","","","1512","0% (0/0)","0% (0/0)","0% (0/0)","true","false","false","true","false","false","false","true","false","false","false","true","135","36,39,42,39,40,40,38,41,40,42,42,40,40,42,40,44,40,39,40,37,42,42,40,42,44,36,38,39,44,44,44,41,40,36,41,40,42,45,40,38,40,40,42,39,41,38,38,37,39,38,33,38,38,38,40,","28,36,34,33,34,33,32,35,31,36,36,32,34,38,33,37,35,33,33,32,33,38,33,37,38,30,28,31,38,37,38,35,36,29,33,34,32,37,31,31,32,32,33,34,34,31,31,30,29,24,24,27,25,30,32,","fail","0.20519567041703082"
"3CESM1J3FM4L63H2S5IR4MWVKK66WV","33RDX9IX0DI1EE6HRMQ3PAVIXWI3Q0","Optimal Image Compression","Determine the optimal compression level for images using sliders","image compression, slider","$0.50","Mon Mar 02 22:08:57 PST 2020","100","BatchId:3941286;OriginalHitTemplateId:928390855;","3600","259200","Mon Mar 16 23:08:57 PDT 2020","","","3XXU1SWE8QWW7ZQEFDBJ1GKZN2KA0F","A10AY39RH8ZB7I","Submitted","Mon Mar 02 22:48:00 PST 2020","Mon Mar 02 23:15:41 PST 2020","Thu Mar 05 23:15:41 PST 2020","","","","1661","0% (0/0)","0% (0/0)","0% (0/0)","true","false","false","true","false","false","false","true","false","false","false","true","7","40,38,43,37,45,44,43,42,39,42,43,38,41,43,41,41,44,45,43,43,43,44,43,44,36,44,43,43,39,39,44,42,41,42,41,40,40,40,40,40,39,42,42,42,42,42,39,41,41,36,39,43,43,42,41,","32,26,32,32,39,38,35,35,31,34,35,32,34,35,34,34,38,38,36,35,36,38,35,34,30,36,34,34,29,31,37,32,33,35,34,33,32,31,34,34,34,35,35,36,36,36,33,35,29,29,31,34,36,33,33,","fail","0.5642880936468347"
"3CESM1J3FM4L63H2S5IR4MWVKK66WV","33RDX9IX0DI1EE6HRMQ3PAVIXWI3Q0","Optimal Image Compression","Determine the optimal compression level for images using sliders","image compression, slider","$0.50","Mon Mar 02 22:08:57 PST 2020","100","BatchId:3941286;OriginalHitTemplateId:928390855;","3600","259200","Mon Mar 16 23:08:57 PDT 2020","","","3YOH7BII0D8ICD0GU1CXGNDLMALKVQ","A30N5H4N4C22N8","Submitted","Tue Mar 03 05:58:24 PST 2020","Tue Mar 03 06:29:51 PST 2020","Fri Mar 06 06:29:51 PST 2020","","","","1887","0% (0/0)","0% (0/0)","0% (0/0)","false","false","true","true","false","false","false","true","false","false","false","true","initial","initial","initial","initial","initial"
"3CESM1J3FM4L63H2S5IR4MWVKK66WV","33RDX9IX0DI1EE6HRMQ3PAVIXWI3Q0","Optimal Image Compression","Determine the optimal compression level for images using sliders","image compression, slider","$0.50","Mon Mar 02 22:08:57 PST 2020","100","BatchId:3941286;OriginalHitTemplateId:928390855;","3600","259200","Mon Mar 16 23:08:57 PDT 2020","","","3Z3ZLGNNSMVKB7WSNWQOTEXBUWY3QI","A3RJ8NZQ8BRTZM","Submitted","Mon Mar 02 23:53:36 PST 2020","Tue Mar 03 00:27:43 PST 2020","Fri Mar 06 00:27:43 PST 2020","","","","2047","0% (0/0)","0% (0/0)","0% (0/0)","true","false","false","true","false","false","false","true","false","false","false","true","12","14,16,23,18,17,23,25,12,22,23,28,27,26,17,15,23,23,25,24,23,26,12,13,15,26,28,27,32,36,34,31,31,31,20,33,25,23,30,33,37,37,31,34,37,29,31,32,30,27,32,35,32,33,34,28,","13,10,14,12,15,17,14,12,17,13,22,20,18,12,10,15,12,13,15,13,18,11,8,12,21,21,15,24,27,27,21,23,17,14,25,19,17,23,23,25,24,21,23,21,20,19,19,21,18,21,21,25,20,19,17,","fail","0.4"
"3CESM1J3FM4L63H2S5IR4MWVKK66WV","33RDX9IX0DI1EE6HRMQ3PAVIXWI3Q0","Optimal Image Compression","Determine the optimal compression level for images using sliders","image compression, slider","$0.50","Mon Mar 02 22:08:57 PST 2020","100","BatchId:3941286;OriginalHitTemplateId:928390855;","3600","259200","Mon Mar 16 23:08:57 PDT 2020","","","3Z7EFSHGNDFSX4TN23WHGPXYXDJXCU","A1UPLO8N8AT0RA","Submitted","Tue Mar 03 10:24:37 PST 2020","Tue Mar 03 10:43:40 PST 2020","Fri Mar 06 10:43:40 PST 2020","","","","1143","0% (0/0)","0% (0/0)","0% (0/0)","true","false","false","true","false","false","false","true","false","false","false","true","88","35,25,35,32,36,41,40,36,32,35,30,38,38,27,36,41,30,34,40,32,35,32,30,19,26,33,35,38,42,41,32,36,28,38,32,43,39,33,34,44,37,37,33,37,38,35,32,19,38,26,37,36,37,33,36,","29,16,18,22,21,30,27,23,27,24,25,29,27,23,21,24,18,20,21,18,21,20,18,9,14,26,22,28,28,28,17,29,20,23,19,28,25,16,18,28,20,20,18,27,32,24,23,8,26,17,25,22,26,17,18,","fail","0.30779350562554625"
"3CESM1J3FM4L63H2S5IR4MWVKK66WV","33RDX9IX0DI1EE6HRMQ3PAVIXWI3Q0","Optimal Image Compression","Determine the optimal compression level for images using sliders","image compression, slider","$0.50","Mon Mar 02 22:08:57 PST 2020","100","BatchId:3941286;OriginalHitTemplateId:928390855;","3600","259200","Mon Mar 16 23:08:57 PDT 2020","","","3ZY8KE4ISN44NGYB76WUC9PULIAVQU","A35NNEZ8QSKHA1","Submitted","Tue Mar 03 14:11:10 PST 2020","Tue Mar 03 14:27:30 PST 2020","Fri Mar 06 14:27:30 PST 2020","","","","980","0% (0/0)","0% (0/0)","0% (0/0)","true","false","false","true","false","false","false","true","false","false","false","true","109","11,23,14,13,13,10,11,10,16,14,12,14,22,16,11,14,13,15,12,10,14,10,16,14,13,14,13,13,13,14,14,14,14,17,13,13,14,13,26,9,13,18,8,10,15,11,15,11,16,16,12,23,16,15,10,","9,14,11,11,11,8,9,9,14,13,10,12,19,14,10,12,11,13,11,9,13,9,15,13,12,13,12,11,11,12,13,13,13,15,12,12,13,12,17,7,12,17,8,9,14,9,14,10,15,15,11,20,15,13,9,","pass","0.8207826816681233"